   "id": "tSetKeystore",
   "id": "cAWSConnection",
   "id": "cAWSS3",
   "id": "cAWSSES",
   "id": "cAWSSNS",
   "id": "cAWSSQS",
   "id": "tBigQueryBulkExec",
   "id": "tBigQueryInput",
   "id": "tBigQueryOutput",
   "id": "tBigQueryOutputBulk",
   "id": "tBigQuerySQLRow",
   "id": "tCassandraBulkExec",
   "id": "tCassandraClose",
   "id": "tCassandraConnection",
   "id": "tCassandraInput",
   "id": "tCassandraOutput",
   "id": "tCassandraOutputBulk",
   "id": "tCassandraOutputBulkExec",
   "id": "tCassandraRow",
   "id": "tDBFSConnection",
   "id": "tDBFSGet",
   "id": "tDBFSPut",
   "id": "tDynamoDBInput",
   "id": "tDynamoDBOutput",
   "id": "tGSBucketCreate",
   "id": "tGSBucketDelete",
   "id": "tGSBucketExist",
   "id": "tGSBucketList",
   "id": "tGSClose",
   "id": "tGSConnection",
   "id": "tGSCopy",
   "id": "tGSDelete",
   "id": "tGSGet",
   "id": "tGSList",
   "id": "tGSPut",
   "id": "tHBaseClose",
   "id": "tHBaseConnection",
   "id": "tHBaseInput",
   "id": "tHBaseOutput",
   "id": "tHCatalogInput",
   "id": "tHCatalogLoad",
   "id": "tHCatalogOperation",
   "id": "tHCatalogOutput",
   "id": "tHDFSCompare",
   "id": "tHDFSConnection",
   "id": "tHDFSCopy",
   "id": "tHDFSDelete",
   "id": "tHDFSExist",
   "id": "tHDFSGet",
   "id": "tHDFSInput",
   "id": "tHDFSList",
   "id": "tHDFSOutput",
   "id": "tHDFSOutputRaw",
   "id": "tHDFSProperties",
   "id": "tHDFSPut",
   "id": "tHDFSRename",
   "id": "tHDFSRowCount",
   "id": "tHiveClose",
   "id": "tHiveConnection",
   "id": "tHiveCreateTable",
   "id": "tHiveInput",
   "id": "tHiveLoad",
   "id": "tHiveRow",
   "id": "tImpalaClose",
   "id": "tImpalaConnection",
   "id": "tImpalaCreateTable",
   "id": "tImpalaInput",
   "id": "tImpalaLoad",
   "id": "tImpalaOutput",
   "id": "tImpalaRow",
   "id": "tMapRDBClose",
   "id": "tMapRDBConnection",
   "id": "tMapRDBInput",
   "id": "tMapRDBOutput",
   "id": "tMapRStreamsConnection",
   "id": "tMarkLogicBulkLoad",
   "id": "tMarkLogicClose",
   "id": "tMarkLogicConnection",
   "id": "tMarkLogicInput",
   "id": "tMarkLogicOutput",
   "id": "tMongoDBBulkLoad",
   "id": "tMongoDBClose",
   "id": "tMongoDBConnection",
   "id": "tMongoDBGridFSDelete",
   "id": "tMongoDBGridFSGet",
   "id": "tMongoDBGridFSList",
   "id": "tMongoDBGridFSProperties",
   "id": "tMongoDBGridFSPut",
   "id": "tMongoDBInput",
   "id": "tMongoDBOutput",
   "id": "tMongoDBRow",
   "id": "tNeo4jBatchOutput",
   "id": "tNeo4jBatchOutputRelationship",
   "id": "tNeo4jBatchSchema",
   "id": "tNeo4jClose",
   "id": "tNeo4jConnection",
   "id": "tNeo4jImportTool",
   "id": "tNeo4jInput",
   "id": "tNeo4jOutput",
   "id": "tNeo4jOutputRelationship",
   "id": "tNeo4jRow",
   "id": "tRiakBucketList",
   "id": "tRiakClose",
   "id": "tRiakConnection",
   "id": "tRiakInput",
   "id": "tRiakKeyList",
   "id": "tRiakOutput",
   "id": "tSqoopExport",
   "id": "tSqoopImport",
   "id": "tSqoopImportAllTables",
   "id": "tSqoopMerge",
   "id": "tBonitaDeploy",
   "id": "tBonitaInstantiateProcess",
   "id": "tJIRAInput",
   "id": "tJIRAOutput",
   "id": "tMarketoBulkExec",
   "id": "tMarketoCampaign",
   "id": "tMarketoConnection",
   "id": "tMarketoInput",
   "id": "tMarketoListOperation",
   "id": "tMarketoOutput",
   "id": "tMicrosoftCrmInput",
   "id": "tMicrosoftCrmOutput",
   "id": "tNetsuiteConnection",
   "id": "tNetsuiteInput",
   "id": "tNetsuiteOutput",
   "id": "tOpenbravoERPInput",
   "id": "tOpenbravoERPOutput",
   "id": "tSalesforceBulkExec",
   "id": "tSalesforceConnection",
   "id": "tSalesforceEinsteinBulkExec",
   "id": "tSalesforceEinsteinOutputBulkExec",
   "id": "tSalesforceGetDeleted",
   "id": "tSalesforceGetServerTimestamp",
   "id": "tSalesforceGetUpdated",
   "id": "tSalesforceInput",
   "id": "tSalesforceOutput",
   "id": "tSalesforceOutputBulk",
   "id": "tSalesforceOutputBulkExec",
   "id": "tSAPADSOInput",
   "id": "tSAPBapi",
   "id": "tSAPBWInput",
   "id": "tSAPCommit",
   "id": "tSAPConnection",
   "id": "tSAPDataSourceOutput",
   "id": "tSAPDataSourceReceiver",
   "id": "tSAPDSOInput",
   "id": "tSAPDSOOutput",
   "id": "tSAPIDocInput",
   "id": "tSAPIDocOutput",
   "id": "tSAPIDocReceiver",
   "id": "tSAPInfoCubeInput",
   "id": "tSAPInfoObjectInput",
   "id": "tSAPInfoObjectOutput",
   "id": "tSAPODPInput",
   "id": "tSAPRollback",
   "id": "tSAPTableInput",
   "id": "tServiceNowConnection",
   "id": "tServiceNowInput",
   "id": "tServiceNowOutput",
   "id": "tVtigerCRMInput",
   "id": "tVtigerCRMOutput",
   "id": "tWorkdayInput",
   "id": "tBarChart",
   "id": "tDB2SCD",
   "id": "tDB2SCDELT",
   "id": "tGreenplumSCD",
   "id": "tInformixSCD",
   "id": "tIngresSCD",
   "id": "tJasperOutput",
   "id": "tJasperOutputExec",
   "id": "tJDBCSCDELT",
   "id": "tLineChart",
   "id": "tMondrianInput",
   "id": "tMSSqlSCD",
   "id": "tMysqlSCD",
   "id": "tMysqlSCDELT",
   "id": "tNetezzaSCD",
   "id": "tOracleSCD",
   "id": "tOracleSCDELT",
   "id": "tPaloCheckElements",
   "id": "tPaloClose",
   "id": "tPaloConnection",
   "id": "tPaloCube",
   "id": "tPaloCubeList",
   "id": "tPaloDatabase",
   "id": "tPaloDatabaseList",
   "id": "tPaloDimension",
   "id": "tPaloDimensionList",
   "id": "tPaloInputMulti",
   "id": "tPaloOutput",
   "id": "tPaloOutputMulti",
   "id": "tPaloRule",
   "id": "tPaloRuleList",
   "id": "tParAccelSCD",
   "id": "tPostgresPlusSCD",
   "id": "tPostgresPlusSCDELT",
   "id": "tPostgresqlSCD",
   "id": "tPostgresqlSCDELT",
   "id": "tSplunkEventCollector",
   "id": "tSybaseSCD",
   "id": "tSybaseSCDELT",
   "id": "tTeradataSCD",
   "id": "tTeradataSCDELT",
   "id": "tVerticaSCD",
   "id": "tAmazonAuroraClose",
   "id": "tAmazonAuroraCommit",
   "id": "tAmazonAuroraConnection",
   "id": "tAmazonAuroraInput",
   "id": "tAmazonAuroraOutput",
   "id": "tAmazonAuroraRollback",
   "id": "tAmazonEMRListInstances",
   "id": "tAmazonEMRManage",
   "id": "tAmazonEMRResize",
   "id": "tAmazonMysqlClose",
   "id": "tAmazonMysqlCommit",
   "id": "tAmazonMysqlConnection",
   "id": "tAmazonMysqlInput",
   "id": "tAmazonMysqlOutput",
   "id": "tAmazonMysqlRollback",
   "id": "tAmazonMysqlRow",
   "id": "tAmazonOracleClose",
   "id": "tAmazonOracleCommit",
   "id": "tAmazonOracleConnection",
   "id": "tAmazonOracleInput",
   "id": "tAmazonOracleOutput",
   "id": "tAmazonOracleRollback",
   "id": "tAmazonOracleRow",
   "id": "tAmazonRedshiftManage",
   "id": "tAzureAdlsGen2Input",
   "id": "tAzureAdlsGen2Output",
   "id": "tAzureStorageConnection",
   "id": "tAzureStorageContainerCreate",
   "id": "tAzureStorageContainerDelete",
   "id": "tAzureStorageContainerExist",
   "id": "tAzureStorageContainerList",
   "id": "tAzureStorageDelete",
   "id": "tAzureStorageGet",
   "id": "tAzureStorageInputTable",
   "id": "tAzureStorageList",
   "id": "tAzureStorageOutputTable",
   "id": "tAzureStoragePut",
   "id": "tAzureStorageQueueCreate",
   "id": "tAzureStorageQueueDelete",
   "id": "tAzureStorageQueueInput",
   "id": "tAzureStorageQueueInputLoop",
   "id": "tAzureStorageQueueList",
   "id": "tAzureStorageQueueOutput",
   "id": "tAzureStorageQueuePurge",
   "id": "tBoxConnection",
   "id": "tBoxCopy",
   "id": "tBoxDelete",
   "id": "tBoxGet",
   "id": "tBoxList",
   "id": "tBoxPut",
   "id": "tCloudStart",
   "id": "tCloudStop",
   "id": "tCosmosDBBulkLoad",
   "id": "tCosmosDBConnection",
   "id": "tCosmosDBInput",
   "id": "tCosmosDBOutput",
   "id": "tCosmosDBRow",
   "id": "tDropboxConnection",
   "id": "tDropboxDelete",
   "id": "tDropboxGet",
   "id": "tDropboxList",
   "id": "tDropboxPut",
   "id": "tGoogleDataprocManage",
   "id": "tGoogleDriveConnection",
   "id": "tGoogleDriveCopy",
   "id": "tGoogleDriveCreate",
   "id": "tGoogleDriveDelete",
   "id": "tGoogleDriveGet",
   "id": "tGoogleDriveList",
   "id": "tGoogleDrivePut",
   "id": "tGSBucketCreate",
   "id": "tGSBucketDelete",
   "id": "tGSBucketExist",
   "id": "tGSBucketList",
   "id": "tGSClose",
   "id": "tGSConnection",
   "id": "tGSCopy",
   "id": "tGSDelete",
   "id": "tGSGet",
   "id": "tGSList",
   "id": "tGSPut",
   "id": "tMarketoBulkExec",
   "id": "tMarketoCampaign",
   "id": "tMarketoConnection",
   "id": "tMarketoInput",
   "id": "tMarketoListOperation",
   "id": "tMarketoOutput",
   "id": "tNetsuiteInput",
   "id": "tNetsuiteOutput",
   "id": "tRedshiftBulkExec",
   "id": "tRedshiftClose",
   "id": "tRedshiftCommit",
   "id": "tRedshiftConnection",
   "id": "tRedshiftInput",
   "id": "tRedshiftOutput",
   "id": "tRedshiftOutputBulk",
   "id": "tRedshiftOutputBulkExec",
   "id": "tRedshiftRollback",
   "id": "tRedshiftRow",
   "id": "tRedshiftUnload",
   "id": "tS3BucketCreate",
   "id": "tS3BucketDelete",
   "id": "tS3BucketExist",
   "id": "tS3BucketList",
   "id": "tS3Close",
   "id": "tS3Connection",
   "id": "tS3Copy",
   "id": "tS3Delete",
   "id": "tS3Get",
   "id": "tS3List",
   "id": "tS3Put",
   "id": "tSalesforceBulkExec",
   "id": "tSalesforceConnection",
   "id": "tSalesforceEinsteinBulkExec",
   "id": "tSalesforceEinsteinOutputBulkExec",
   "id": "tSalesforceGetDeleted",
   "id": "tSalesforceGetServerTimestamp",
   "id": "tSalesforceGetUpdated",
   "id": "tSalesforceInput",
   "id": "tSalesforceOutput",
   "id": "tSalesforceOutputBulk",
   "id": "tSalesforceOutputBulkExec",
   "id": "tServiceNowConnection",
   "id": "tServiceNowInput",
   "id": "tServiceNowOutput",
   "id": "tSnowflakeBulkExec",
   "id": "tSnowflakeClose",
   "id": "tSnowflakeConnection",
   "id": "tSnowflakeInput",
   "id": "tSnowflakeOutput",
   "id": "tSnowflakeOutputBulk",
   "id": "tSnowflakeOutputBulkExec",
   "id": "tSnowflakeRow",
   "id": "tSQLDWHBulkExec",
   "id": "tSQLDWHClose",
   "id": "tSQLDWHCommit",
   "id": "tSQLDWHConnection",
   "id": "tSQLDWHInput",
   "id": "tSQLDWHOutput",
   "id": "tSQLDWHRollback",
   "id": "tSQLDWHRow",
   "id": "tSQSConnection",
   "id": "tSQSInput",
   "id": "tSQSMessageChangeVisibility",
   "id": "tSQSMessageDelete",
   "id": "tSQSOutput",
   "id": "tSQSQueueAttributes",
   "id": "tSQSQueueCreate",
   "id": "tSQSQueueDelete",
   "id": "tSQSQueueList",
   "id": "tSQSQueuePurge",
   "id": "tWorkdayInput",
   "id": "cAMQP",
   "id": "cAWSConnection",
   "id": "cAWSS3",
   "id": "cAWSSES",
   "id": "cAWSSNS",
   "id": "cAWSSQS",
   "id": "cFile",
   "id": "cFtp",
   "id": "cHttp",
   "id": "cJMS",
   "id": "cKafka",
   "id": "cMail",
   "id": "cMQConnectionFactory",
   "id": "cMQTT",
   "id": "cREST",
   "id": "cSOAP",
   "id": "cWMQ",
   "id": "cDirect",
   "id": "cDirectVM",
   "id": "cExchangePattern",
   "id": "cJavaDSLProcessor",
   "id": "cMessagingEndpoint",
   "id": "cSEDA",
   "id": "cSetBody",
   "id": "cSetHeader",
   "id": "cSetProperty",
   "id": "cVM",
   "id": "cBean",
   "id": "cBeanRegister",
   "id": "cConfig",
   "id": "cProcessor",
   "id": "tGroovy",
   "id": "tGroovyFile",
   "id": "tJava",
   "id": "tJavaFlex",
   "id": "tJavaMR",
   "id": "tJavaRow",
   "id": "tJavaStorm",
   "id": "tLibraryLoad",
   "id": "tSetDynamicSchema",
   "id": "tSetGlobalVar",
   "id": "tAddCRCRow",
   "id": "tAddressRowCloud",
   "id": "tBatchAddressRowCloud",
   "id": "tChangeFileEncoding",
   "id": "tDataDecrypt",
   "id": "tDataEncrypt",
   "id": "tDataMasking",
   "id": "tDataShuffling",
   "id": "tDataUnmasking",
   "id": "tDqReportRun",
   "id": "tDuplicateRow",
   "id": "tExtractRegexFields",
   "id": "tFindRegexlibExpressions",
   "id": "tFirstnameMatch",
   "id": "tFuzzyMatch",
   "id": "tFuzzyUniqRow",
   "id": "tGenKey",
   "id": "tGoogleAddressRow",
   "id": "tGoogleGeocoder",
   "id": "tGoogleMapLookup",
   "id": "tIntervalMatch",
   "id": "tJapaneseNumberNormalize",
   "id": "tJapaneseTokenize",
   "id": "tJapaneseTransliterate",
   "id": "tLastRegexlibExpressions",
   "id": "tLoqateAddressRow",
   "id": "tMatchGroup",
   "id": "tMatchIndex",
   "id": "tMatchIndexPredict",
   "id": "tMatchModel",
   "id": "tMatchPairing",
   "id": "tMatchPredict",
   "id": "tMelissaDataAddress",
   "id": "tMSSqlInvalidRows",
   "id": "tMSSqlValidRows",
   "id": "tMultiPatternCheck",
   "id": "tMySQLInvalidRows",
   "id": "tMySQLValidRows",
   "id": "tOracleInvalidRows",
   "id": "tOracleValidRows",
   "id": "tPatternCheck",
   "id": "tPatternExtract",
   "id": "tPatternMasking",
   "id": "tPatternUnmasking",
   "id": "tPersonator",
   "id": "tPostgresqlInvalidRows",
   "id": "tPostgresqlValidRows",
   "id": "tQASAddressRow",
   "id": "tQASBatchAddressRow",
   "id": "tRecordMatching",
   "id": "tReplaceList",
   "id": "tReservoirSampling",
   "id": "tRuleSurvivorship",
   "id": "tSchemaComplianceCheck",
   "id": "tStandardizePhoneNumber",
   "id": "tStandardizeRow",
   "id": "tStem",
   "id": "tSurviveFields",
   "id": "tSynonymOutput",
   "id": "tSynonymSearch",
   "id": "tThresholdViolationAlert",
   "id": "tTransliterate",
   "id": "tUniqRow",
   "id": "tUniservBTGeneric",
   "id": "tUniservRTConvertName",
   "id": "tUniservRTMailBulk",
   "id": "tUniservRTMailOutput",
   "id": "tUniservRTMailSearch",
   "id": "tUniservRTPost",
   "id": "tVerifyEmail",
   "id": "tAccessBulkExec",
   "id": "tAccessClose",
   "id": "tAccessCommit",
   "id": "tAccessConnection",
   "id": "tAccessInput",
   "id": "tAccessOutput",
   "id": "tAccessOutputBulk",
   "id": "tAccessOutputBulkExec",
   "id": "tAccessRollback",
   "id": "tAccessRow",
   "id": "tAmazonAuroraClose",
   "id": "tAmazonAuroraCommit",
   "id": "tAmazonAuroraConnection",
   "id": "tAmazonAuroraInput",
   "id": "tAmazonAuroraOutput",
   "id": "tAmazonAuroraRollback",
   "id": "tAmazonMysqlClose",
   "id": "tAmazonMysqlCommit",
   "id": "tAmazonMysqlConnection",
   "id": "tAmazonMysqlInput",
   "id": "tAmazonMysqlOutput",
   "id": "tAmazonMysqlRollback",
   "id": "tAmazonMysqlRow",
   "id": "tAmazonOracleClose",
   "id": "tAmazonOracleCommit",
   "id": "tAmazonOracleConnection",
   "id": "tAmazonOracleInput",
   "id": "tAmazonOracleOutput",
   "id": "tAmazonOracleRollback",
   "id": "tAmazonOracleRow",
   "id": "tAmazonRedshiftManage",
   "id": "tAS400CDC",
   "id": "tAS400Close",
   "id": "tAS400Commit",
   "id": "tAS400Connection",
   "id": "tAS400Input",
   "id": "tAS400LastInsertId",
   "id": "tAS400Output",
   "id": "tAS400Rollback",
   "id": "tAS400Row",
   "id": "tBigQueryConfiguration",
   "id": "tBigQueryInput",
   "id": "tBigQueryOutput",
   "id": "tCassandraConfiguration",
   "id": "tCassandraInput",
   "id": "tCassandraLookupInput",
   "id": "tCassandraOutput",
   "id": "tCosmosDBBulkLoad",
   "id": "tCosmosDBConnection",
   "id": "tCosmosDBInput",
   "id": "tCosmosDBOutput",
   "id": "tCosmosDBRow",
   "id": "tCreateTable",
   "id": "tDB2BulkExec",
   "id": "tDB2CDC",
   "id": "tDB2Close",
   "id": "tDB2Commit",
   "id": "tDB2Connection",
   "id": "tDB2Input",
   "id": "tDB2Output",
   "id": "tDB2Rollback",
   "id": "tDB2Row",
   "id": "tDB2SCD",
   "id": "tDB2SCDELT",
   "id": "tDB2SP",
   "id": "tDBBulkExec",
   "id": "tDBCDC",
   "id": "tDBCDCOutput",
   "id": "tDBClose",
   "id": "tDBColumnList",
   "id": "tDBCommit",
   "id": "tDBConnection",
   "id": "tDBInput",
   "id": "tDBInvalidRows",
   "id": "tDBLastInsertId",
   "id": "tDBOutput",
   "id": "tDBOutputBulk",
   "id": "tDBOutputBulkExec",
   "id": "tDBRollback",
   "id": "tDBRow",
   "id": "tDBSCD",
   "id": "tDBSCDELT",
   "id": "tDBSP",
   "id": "tDBSQLRow",
   "id": "tDBTableList",
   "id": "tDBValidRows",
   "id": "tDynamoDBConfiguration",
   "id": "tDynamoDBInput",
   "id": "tDynamoDBLookupInput",
   "id": "tDynamoDBOutput",
   "id": "tEXABulkExec",
   "id": "tEXAClose",
   "id": "tEXACommit",
   "id": "tEXAConnection",
   "id": "tEXAInput",
   "id": "tEXAOutput",
   "id": "tEXARollback",
   "id": "tEXARow",
   "id": "tEXistConnection",
   "id": "tEXistDelete",
   "id": "tEXistGet",
   "id": "tEXistList",
   "id": "tEXistPut",
   "id": "tEXistXQuery",
   "id": "tEXistXUpdate",
   "id": "tFirebirdClose",
   "id": "tFirebirdCommit",
   "id": "tFirebirdConnection",
   "id": "tFirebirdInput",
   "id": "tFirebirdOutput",
   "id": "tFirebirdRollback",
   "id": "tFirebirdRow",
   "id": "tGreenplumBulkExec",
   "id": "tGreenplumClose",
   "id": "tGreenplumCommit",
   "id": "tGreenplumConnection",
   "id": "tGreenplumGPLoad",
   "id": "tGreenplumInput",
   "id": "tGreenplumOutput",
   "id": "tGreenplumOutputBulk",
   "id": "tGreenplumOutputBulkExec",
   "id": "tGreenplumRollback",
   "id": "tGreenplumRow",
   "id": "tGreenplumSCD",
   "id": "tHBaseConfiguration",
   "id": "tHBaseInput",
   "id": "tHBaseLookupInput",
   "id": "tHBaseOutput",
   "id": "tHiveClose",
   "id": "tHiveConnection",
   "id": "tHiveCreateTable",
   "id": "tHiveInput",
   "id": "tHiveLoad",
   "id": "tHiveOutput",
   "id": "tHiveRow",
   "id": "tHSQLDbInput",
   "id": "tHSQLDbOutput",
   "id": "tHSQLDbRow",
   "id": "tInformixBulkExec",
   "id": "tInformixCDC",
   "id": "tInformixClose",
   "id": "tInformixCommit",
   "id": "tInformixConnection",
   "id": "tInformixInput",
   "id": "tInformixOutput",
   "id": "tInformixOutputBulk",
   "id": "tInformixOutputBulkExec",
   "id": "tInformixRollback",
   "id": "tInformixRow",
   "id": "tInformixSCD",
   "id": "tInformixSP",
   "id": "tIngresBulkExec",
   "id": "tIngresCDC",
   "id": "tIngresClose",
   "id": "tIngresCommit",
   "id": "tIngresConnection",
   "id": "tIngresInput",
   "id": "tIngresOutput",
   "id": "tIngresOutputBulk",
   "id": "tIngresOutputBulkExec",
   "id": "tIngresRollback",
   "id": "tIngresRow",
   "id": "tIngresSCD",
   "id": "tInterbaseClose",
   "id": "tInterbaseCommit",
   "id": "tInterbaseConnection",
   "id": "tInterbaseInput",
   "id": "tInterbaseOutput",
   "id": "tInterbaseRollback",
   "id": "tInterbaseRow",
   "id": "tJavaDBInput",
   "id": "tJavaDBOutput",
   "id": "tJavaDBRow",
   "id": "tJDBCClose",
   "id": "tJDBCColumnList",
   "id": "tJDBCCommit",
   "id": "tJDBCConfiguration",
   "id": "tJDBCConnection",
   "id": "tJDBCInput",
   "id": "tJDBCLookupInput",
   "id": "tJDBCOutput",
   "id": "tJDBCRollback",
   "id": "tJDBCRow",
   "id": "tJDBCSCDELT",
   "id": "tJDBCSP",
   "id": "tJDBCTableList",
   "id": "tKuduConfiguration",
   "id": "tKuduInput",
   "id": "tKuduOutput",
   "id": "tLDAPAttributesInput",
   "id": "tLDAPClose",
   "id": "tLDAPConnection",
   "id": "tLDAPInput",
   "id": "tLDAPOutput",
   "id": "tLDAPRenameEntry",
   "id": "tMapRDBConfiguration",
   "id": "tMapRDBInput",
   "id": "tMapRDBLookupInput",
   "id": "tMapRDBOutput",
   "id": "tMaxDBInput",
   "id": "tMaxDBOutput",
   "id": "tMaxDBRow",
   "id": "tMongoDBConfiguration",
   "id": "tMongoDBInput",
   "id": "tMongoDBLookupInput",
   "id": "tMongoDBOutput",
   "id": "tMSSqlBulkExec",
   "id": "tMSSqlCDC",
   "id": "tMSSqlClose",
   "id": "tMSSqlColumnList",
   "id": "tMSSqlCommit",
   "id": "tMSSqlConnection",
   "id": "tMSSqlInput",
   "id": "tMSSqlLastInsertId",
   "id": "tMSSqlOutput",
   "id": "tMSSqlOutputBulk",
   "id": "tMSSqlOutputBulkExec",
   "id": "tMSSqlRollback",
   "id": "tMSSqlRow",
   "id": "tMSSqlSCD",
   "id": "tMSSqlSP",
   "id": "tMSSqlTableList",
   "id": "tMysqlBulkExec",
   "id": "tMysqlCDC",
   "id": "tMysqlClose",
   "id": "tMysqlColumnList",
   "id": "tMysqlCommit",
   "id": "tMysqlConfiguration",
   "id": "tMysqlConnection",
   "id": "tMysqlInput",
   "id": "tMySQLInvalidRows",
   "id": "tMysqlLastInsertId",
   "id": "tMysqlLookupInput",
   "id": "tMysqlOutput",
   "id": "tMysqlOutputBulk",
   "id": "tMysqlOutputBulkExec",
   "id": "tMysqlRollback",
   "id": "tMysqlRow",
   "id": "tMysqlSCD",
   "id": "tMysqlSCDELT",
   "id": "tMysqlSP",
   "id": "tMysqlTableList",
   "id": "tMySQLValidRows",
   "id": "tNetezzaBulkExec",
   "id": "tNetezzaClose",
   "id": "tNetezzaCommit",
   "id": "tNetezzaConnection",
   "id": "tNetezzaInput",
   "id": "tNetezzaNzLoad",
   "id": "tNetezzaOutput",
   "id": "tNetezzaRollback",
   "id": "tNetezzaRow",
   "id": "tNetezzaSCD",
   "id": "tOracleBulkExec",
   "id": "tOracleCDC",
   "id": "tOracleCDCOutput",
   "id": "tOracleClose",
   "id": "tOracleCommit",
   "id": "tOracleConfiguration",
   "id": "tOracleConnection",
   "id": "tOracleInput",
   "id": "tOracleInvalidRows",
   "id": "tOracleLookupInput",
   "id": "tOracleOutput",
   "id": "tOracleOutputBulk",
   "id": "tOracleOutputBulkExec",
   "id": "tOracleRollback",
   "id": "tOracleRow",
   "id": "tOracleSCD",
   "id": "tOracleSCDELT",
   "id": "tOracleSP",
   "id": "tOracleTableList",
   "id": "tOracleValidRows",
   "id": "tParAccelBulkExec",
   "id": "tParAccelClose",
   "id": "tParAccelCommit",
   "id": "tParAccelConnection",
   "id": "tParAccelInput",
   "id": "tParAccelOutput",
   "id": "tParAccelOutputBulk",
   "id": "tParAccelOutputBulkExec",
   "id": "tParAccelRollback",
   "id": "tParAccelRow",
   "id": "tParAccelSCD",
   "id": "tParseRecordSet",
   "id": "tPostgresPlusBulkExec",
   "id": "tPostgresPlusClose",
   "id": "tPostgresPlusCommit",
   "id": "tPostgresPlusConnection",
   "id": "tPostgresPlusInput",
   "id": "tPostgresPlusOutput",
   "id": "tPostgresPlusOutputBulk",
   "id": "tPostgresPlusOutputBulkExec",
   "id": "tPostgresPlusRollback",
   "id": "tPostgresPlusRow",
   "id": "tPostgresPlusSCD",
   "id": "tPostgresPlusSCDELT",
   "id": "tPostgresqlBulkExec",
   "id": "tPostgresqlCDC",
   "id": "tPostgresqlClose",
   "id": "tPostgresqlCommit",
   "id": "tPostgresqlConnection",
   "id": "tPostgresqlInput",
   "id": "tPostgresqlInvalidRows",
   "id": "tPostgresqlOutput",
   "id": "tPostgresqlOutputBulk",
   "id": "tPostgresqlOutputBulkExec",
   "id": "tPostgresqlRollback",
   "id": "tPostgresqlRow",
   "id": "tPostgresqlSCD",
   "id": "tPostgresqlSCDELT",
   "id": "tPostgresqlValidRows",
   "id": "tRedshiftBulkExec",
   "id": "tRedshiftClose",
   "id": "tRedshiftCommit",
   "id": "tRedshiftConfiguration",
   "id": "tRedshiftConnection",
   "id": "tRedshiftInput",
   "id": "tRedshiftLookupInput",
   "id": "tRedshiftOutput",
   "id": "tRedshiftOutputBulk",
   "id": "tRedshiftOutputBulkExec",
   "id": "tRedshiftRollback",
   "id": "tRedshiftRow",
   "id": "tRedshiftUnload",
   "id": "tSAPHanaClose",
   "id": "tSAPHanaCommit",
   "id": "tSAPHanaConnection",
   "id": "tSAPHanaInput",
   "id": "tSAPHanaOutput",
   "id": "tSAPHanaRollback",
   "id": "tSAPHanaRow",
   "id": "tSAPHanaUnload",
   "id": "tSnowflakeConfiguration",
   "id": "tSnowflakeInput",
   "id": "tSnowflakeOutput",
   "id": "tSQLDWHBulkExec",
   "id": "tSQLDWHClose",
   "id": "tSQLDWHCommit",
   "id": "tSQLDWHConnection",
   "id": "tSQLDWHInput",
   "id": "tSQLDWHOutput",
   "id": "tSQLDWHRollback",
   "id": "tSQLDWHRow",
   "id": "tSQLiteClose",
   "id": "tSQLiteCommit",
   "id": "tSQLiteConnection",
   "id": "tSQLiteInput",
   "id": "tSQLiteOutput",
   "id": "tSQLiteRollback",
   "id": "tSQLiteRow",
   "id": "tSybaseBulkExec",
   "id": "tSybaseCDC",
   "id": "tSybaseClose",
   "id": "tSybaseCommit",
   "id": "tSybaseConnection",
   "id": "tSybaseInput",
   "id": "tSybaseIQBulkExec",
   "id": "tSybaseIQOutputBulkExec",
   "id": "tSybaseOutput",
   "id": "tSybaseOutputBulk",
   "id": "tSybaseOutputBulkExec",
   "id": "tSybaseRollback",
   "id": "tSybaseRow",
   "id": "tSybaseSCD",
   "id": "tSybaseSCDELT",
   "id": "tSybaseSP",
   "id": "tTeradataCDC",
   "id": "tTeradataClose",
   "id": "tTeradataCommit",
   "id": "tTeradataConfiguration",
   "id": "tTeradataConnection",
   "id": "tTeradataFastExport",
   "id": "tTeradataFastLoad",
   "id": "tTeradataFastLoadUtility",
   "id": "tTeradataInput",
   "id": "tTeradataLookupInput",
   "id": "tTeradataMultiLoad",
   "id": "tTeradataOutput",
   "id": "tTeradataRollback",
   "id": "tTeradataRow",
   "id": "tTeradataSCD",
   "id": "tTeradataSCDELT",
   "id": "tTeradataTPTExec",
   "id": "tTeradataTPTUtility",
   "id": "tTeradataTPump",
   "id": "tVectorWiseCommit",
   "id": "tVectorWiseConnection",
   "id": "tVectorWiseInput",
   "id": "tVectorWiseOutput",
   "id": "tVectorWiseRollback",
   "id": "tVectorWiseRow",
   "id": "tVerticaBulkExec",
   "id": "tVerticaClose",
   "id": "tVerticaCommit",
   "id": "tVerticaConnection",
   "id": "tVerticaInput",
   "id": "tVerticaOutput",
   "id": "tVerticaOutputBulk",
   "id": "tVerticaOutputBulkExec",
   "id": "tVerticaRollback",
   "id": "tVerticaRow",
   "id": "tVerticaSCD",
   "id": "tCassandraBulkExec",
   "id": "tCassandraClose",
   "id": "tCassandraConnection",
   "id": "tCassandraInput",
   "id": "tCassandraOutput",
   "id": "tCassandraOutputBulk",
   "id": "tCassandraOutputBulkExec",
   "id": "tCassandraRow",
   "id": "tCouchbaseDCPInput",
   "id": "tCouchbaseDCPOutput",
   "id": "tCouchbaseInput",
   "id": "tCouchbaseOutput",
   "id": "tDynamoDBInput",
   "id": "tDynamoDBOutput",
   "id": "tHBaseClose",
   "id": "tHBaseConnection",
   "id": "tHBaseInput",
   "id": "tHBaseOutput",
   "id": "tMapRDBClose",
   "id": "tMapRDBConnection",
   "id": "tMapRDBInput",
   "id": "tMapRDBOutput",
   "id": "tMapROjaiInput",
   "id": "tMapROjaiOutput",
   "id": "tMarkLogicBulkLoad",
   "id": "tMarkLogicClose",
   "id": "tMarkLogicConnection",
   "id": "tMarkLogicInput",
   "id": "tMarkLogicOutput",
   "id": "tMongoDBBulkLoad",
   "id": "tMongoDBClose",
   "id": "tMongoDBConfiguration",
   "id": "tMongoDBConnection",
   "id": "tMongoDBGridFSDelete",
   "id": "tMongoDBGridFSGet",
   "id": "tMongoDBGridFSList",
   "id": "tMongoDBGridFSProperties",
   "id": "tMongoDBGridFSPut",
   "id": "tMongoDBInput",
   "id": "tMongoDBOutput",
   "id": "tMongoDBRow",
   "id": "tNeo4jBatchOutput",
   "id": "tNeo4jBatchOutputRelationship",
   "id": "tNeo4jBatchSchema",
   "id": "tNeo4jClose",
   "id": "tNeo4jConnection",
   "id": "tNeo4jImportTool",
   "id": "tNeo4jInput",
   "id": "tNeo4jOutput",
   "id": "tNeo4jOutputRelationship",
   "id": "tNeo4jRow",
   "id": "tRiakBucketList",
   "id": "tRiakClose",
   "id": "tRiakConnection",
   "id": "tRiakInput",
   "id": "tRiakKeyList",
   "id": "tRiakOutput",
   "id": "tDotNETInstantiate",
   "id": "tDotNETRow",
   "id": "tElasticSearchConfiguration",
   "id": "tElasticSearchInput",
   "id": "tElasticSearchLookupInput",
   "id": "tElasticSearchOutput",
   "id": "tAccessConnection",
   "id": "tAS400Connection",
   "id": "tCombinedSQLAggregate",
   "id": "tCombinedSQLFilter",
   "id": "tCombinedSQLInput",
   "id": "tCombinedSQLOutput",
   "id": "tDB2Connection",
   "id": "tELTGreenplumInput",
   "id": "tELTGreenplumMap",
   "id": "tELTGreenplumOutput",
   "id": "tELTHiveInput",
   "id": "tELTHiveMap",
   "id": "tELTHiveOutput",
   "id": "tELTInput",
   "id": "tELTMap",
   "id": "tELTMSSqlInput",
   "id": "tELTMSSqlMap",
   "id": "tELTMSSqlOutput",
   "id": "tELTMysqlInput",
   "id": "tELTMysqlMap",
   "id": "tELTMysqlOutput",
   "id": "tELTNetezzaInput",
   "id": "tELTNetezzaMap",
   "id": "tELTNetezzaOutput",
   "id": "tELTOracleInput",
   "id": "tELTOracleMap",
   "id": "tELTOracleOutput",
   "id": "tELTOutput",
   "id": "tELTPostgresqlInput",
   "id": "tELTPostgresqlMap",
   "id": "tELTPostgresqlOutput",
   "id": "tELTSAPInput",
   "id": "tELTSAPMap",
   "id": "tELTSybaseInput",
   "id": "tELTSybaseMap",
   "id": "tELTSybaseOutput",
   "id": "tELTTeradataInput",
   "id": "tELTTeradataMap",
   "id": "tELTTeradataOutput",
   "id": "tELTVerticaInput",
   "id": "tELTVerticaMap",
   "id": "tELTVerticaOutput",
   "id": "tEXAConnection",
   "id": "tFirebirdConnection",
   "id": "tGreenplumConnection",
   "id": "tHiveConnection",
   "id": "tIngresConnection",
   "id": "tInterbaseConnection",
   "id": "tJDBCConnection",
   "id": "tMSSqlConnection",
   "id": "tMysqlConnection",
   "id": "tNetezzaConnection",
   "id": "tOracleConnection",
   "id": "tParAccelConnection",
   "id": "tPostgresPlusConnection",
   "id": "tPostgresqlConnection",
   "id": "tSAPHanaConnection",
   "id": "tSQLiteConnection",
   "id": "tSQLTemplate",
   "id": "tSQLTemplateAggregate",
   "id": "tSQLTemplateCommit",
   "id": "tSQLTemplateFilterColumns",
   "id": "tSQLTemplateFilterRows",
   "id": "tSQLTemplateMerge",
   "id": "tSQLTemplateRollback",
   "id": "tSybaseConnection",
   "id": "tTeradataConnection",
   "id": "tVectorWiseConnection",
   "id": "tESBConsumer",
   "id": "tESBProviderFault",
   "id": "tESBProviderRequest",
   "id": "tESBProviderResponse",
   "id": "tRESTClient",
   "id": "tRESTRequest",
   "id": "tRESTResponse",
   "id": "tRouteFault",
   "id": "tRouteInput",
   "id": "tRouteOutput",
   "id": "cErrorHandler",
   "id": "cIntercept",
   "id": "cOnException",
   "id": "cTry",
   "id": "tAdvancedFileOutputXML",
   "id": "tApacheLogInput",
   "id": "tAvroInput",
   "id": "tAvroOutput",
   "id": "tAvroStreamInput",
   "id": "tChangeFileEncoding",
   "id": "tCreateTemporaryFile",
   "id": "tDBFSConnection",
   "id": "tDBFSGet",
   "id": "tDBFSPut",
   "id": "tFileArchive",
   "id": "tFileCompare",
   "id": "tFileCopy",
   "id": "tFileDelete",
   "id": "tFileExist",
   "id": "tFileInputARFF",
   "id": "tFileInputDelimited",
   "id": "tFileInputExcel",
   "id": "tFileInputFullRow",
   "id": "tFileInputJSON",
   "id": "tFileInputLDIF",
   "id": "tFileInputMail",
   "id": "tFileInputMSDelimited",
   "id": "tFileInputMSPositional",
   "id": "tFileInputMSXML",
   "id": "tFileInputParquet",
   "id": "tFileInputPositional",
   "id": "tFileInputProperties",
   "id": "tFileInputRaw",
   "id": "tFileInputRegex",
   "id": "tFileInputXML",
   "id": "tFileList",
   "id": "tFileOutputARFF",
   "id": "tFileOutputDelimited",
   "id": "tFileOutputExcel",
   "id": "tFileOutputJSON",
   "id": "tFileOutputLDIF",
   "id": "tFileOutputMSDelimited",
   "id": "tFileOutputMSPositional",
   "id": "tFileOutputMSXML",
   "id": "tFileOutputParquet",
   "id": "tFileOutputPositional",
   "id": "tFileOutputProperties",
   "id": "tFileOutputRaw",
   "id": "tFileOutputXML",
   "id": "tFileProperties",
   "id": "tFileRowCount",
   "id": "tFileStreamInputDelimited",
   "id": "tFileStreamInputFullRow",
   "id": "tFileStreamInputJSON",
   "id": "tFileStreamInputParquet",
   "id": "tFileStreamInputPositional",
   "id": "tFileStreamInputRegex",
   "id": "tFileStreamInputXML",
   "id": "tFileTouch",
   "id": "tFileUnarchive",
   "id": "tGPGDecrypt",
   "id": "tHDFSCompare",
   "id": "tHDFSConnection",
   "id": "tHDFSCopy",
   "id": "tHDFSDelete",
   "id": "tHDFSExist",
   "id": "tHDFSGet",
   "id": "tHDFSInput",
   "id": "tHDFSList",
   "id": "tHDFSOutput",
   "id": "tHDFSProperties",
   "id": "tHDFSPut",
   "id": "tHDFSRename",
   "id": "tHDFSRowCount",
   "id": "tNamedPipeClose",
   "id": "tNamedPipeOpen",
   "id": "tNamedPipeOutput",
   "id": "tPivotToColumnsDelimited",
   "id": "tSqoopExport",
   "id": "tSqoopImport",
   "id": "tSqoopImportAllTables",
   "id": "tSqoopMerge",
   "id": "tFileFetch",
   "id": "tFileInputJSON",
   "id": "tFTPClose",
   "id": "tFTPConnection",
   "id": "tFTPDelete",
   "id": "tFTPFileExist",
   "id": "tFTPFileList",
   "id": "tFTPFileProperties",
   "id": "tFTPGet",
   "id": "tFTPPut",
   "id": "tFTPRename",
   "id": "tFTPTruncate",
   "id": "tHttpRequest",
   "id": "tJBossESBInput",
   "id": "tJBossESBOutput",
   "id": "tJMSInput",
   "id": "tJMSOutput",
   "id": "tKafkaCommit",
   "id": "tKafkaConnection",
   "id": "tKafkaCreateTopic",
   "id": "tKafkaInput",
   "id": "tKafkaOutput",
   "id": "tMapRStreamsCommit",
   "id": "tMapRStreamsCreateStream",
   "id": "tMapRStreamsInput",
   "id": "tMapRStreamsOutput",
   "id": "tMicrosoftMQInput",
   "id": "tMicrosoftMQOutput",
   "id": "tMomCommit",
   "id": "tMomConnection",
   "id": "tMomInput",
   "id": "tMomMessageIdList",
   "id": "tMomOutput",
   "id": "tMomRollback",
   "id": "tPetalsInput",
   "id": "tPetalsOutput",
   "id": "tPOP",
   "id": "tREST",
   "id": "tRSSInput",
   "id": "tRSSOutput",
   "id": "tSCPClose",
   "id": "tSCPConnection",
   "id": "tSCPDelete",
   "id": "tSCPFileExists",
   "id": "tSCPFileList",
   "id": "tSCPGet",
   "id": "tSCPPut",
   "id": "tSCPRename",
   "id": "tSCPTruncate",
   "id": "tSendMail",
   "id": "tSetKerberosConfiguration",
   "id": "tSetKeystore",
   "id": "tSetProxy",
   "id": "tSOAP",
   "id": "tSocketInput",
   "id": "tSocketOutput",
   "id": "tSocketTextStreamInput",
   "id": "tSVNLogInput",
   "id": "tWebService",
   "id": "tWebServiceInput",
   "id": "tXMLRPCInput",
   "id": "tAssert",
   "id": "tAssertCatcher",
   "id": "tChronometerStart",
   "id": "tChronometerStop",
   "id": "tDie",
   "id": "tFlowMeter",
   "id": "tFlowMeterCatcher",
   "id": "tLogCatcher",
   "id": "tLogRow",
   "id": "tStatCatcher",
   "id": "tWarn",
   "id": "tALSModel",
   "id": "tClassify",
   "id": "tClassifySVM",
   "id": "tDecisionTreeModel",
   "id": "tGradientBoostedTreeModel",
   "id": "tKMeansModel",
   "id": "tKMeansStrModel",
   "id": "tLinearRegressionModel",
   "id": "tLogisticRegressionModel",
   "id": "tModelEncoder",
   "id": "tNaiveBayesModel",
   "id": "tPredict",
   "id": "tPredictCluster",
   "id": "tRandomForestModel",
   "id": "tRecommend",
   "id": "tSVMModel",
   "id": "tAvroInput",
   "id": "tAvroOutput",
   "id": "tFileInputDelimited",
   "id": "tFileInputFullRow",
   "id": "tFileInputJSON",
   "id": "tFileInputParquet",
   "id": "tFileInputPositional",
   "id": "tFileInputXML",
   "id": "tFileOutputDelimited",
   "id": "tFileOutputJSON",
   "id": "tFileOutputParquet",
   "id": "tFileOutputPositional",
   "id": "tFileOutputXML",
   "id": "tGlobalVarLoad",
   "id": "tHBaseInput",
   "id": "tHBaseOutput",
   "id": "tHDFSInput",
   "id": "tHDFSOutput",
   "id": "tJDBCInput",
   "id": "tJDBCOutput",
   "id": "tMahoutClustering",
   "id": "tMapRDBInput",
   "id": "tMapRDBOutput",
   "id": "tS3Input",
   "id": "tS3Output",
   "id": "tFlumeInput",
   "id": "tFlumeOutput",
   "id": "tJMSInput",
   "id": "tJMSOutput",
   "id": "tKafkaInput",
   "id": "tKafkaInputAvro",
   "id": "tKafkaOutput",
   "id": "tKinesisInput",
   "id": "tKinesisInputAvro",
   "id": "tKinesisOutput",
   "id": "tMapRStreamsInput",
   "id": "tMapRStreamsInputAvro",
   "id": "tMapRStreamsOutput",
   "id": "tMQTTInput",
   "id": "tMQTTOutput",
   "id": "tPubSubInput",
   "id": "tPubSubInputAvro",
   "id": "tPubSubOutput",
   "id": "tAddLocationFromIP",
   "id": "tBufferInput",
   "id": "tBufferOutput",
   "id": "tContextDump",
   "id": "tContextLoad",
   "id": "tFixedFlowInput",
   "id": "tLogRow",
   "id": "tMemorizeRows",
   "id": "tMsgBox",
   "id": "tRowGenerator",
   "id": "tServerAlive",
   "id": "cLog",
   "id": "cStop",
   "id": "tCompareColumns",
   "id": "tNLPModel",
   "id": "tNLPPredict",
   "id": "tNLPPreprocessing",
   "id": "cDelayer",
   "id": "cLoop",
   "id": "cTimer",
   "id": "tCollector",
   "id": "tDepartitioner",
   "id": "tFileList",
   "id": "tFlowToIterate",
   "id": "tForeach",
   "id": "tInfiniteLoop",
   "id": "tIterateToFlow",
   "id": "tLoop",
   "id": "tParallelize",
   "id": "tPartitioner",
   "id": "tPostjob",
   "id": "tPrejob",
   "id": "tRecollector",
   "id": "tReplicate",
   "id": "tRunJob",
   "id": "tSleep",
   "id": "tUnite",
   "id": "tWaitForFile",
   "id": "tWaitForSocket",
   "id": "tWaitForSqlData",
   "id": "tAggregateRow",
   "id": "tAggregateSortedRow",
   "id": "tBRMS",
   "id": "tCacheIn",
   "id": "tCacheOut",
   "id": "tConvertType",
   "id": "tDenormalize",
   "id": "tDenormalizeSortedRow",
   "id": "tExternalSortRow",
   "id": "tExtractDelimitedFields",
   "id": "tExtractDynamicFields",
   "id": "tExtractEDIField",
   "id": "tExtractJSONFields",
   "id": "tExtractPositionalFields",
   "id": "tExtractRegexFields",
   "id": "tExtractXMLField",
   "id": "tFilterColumns",
   "id": "tFilterRow",
   "id": "tHConvertFile",
   "id": "tHMap",
   "id": "tHMapFile",
   "id": "tHMapInput",
   "id": "tHMapRecord",
   "id": "tJoin",
   "id": "tMap",
   "id": "tNormalize",
   "id": "tPartition",
   "id": "tReplace",
   "id": "tReplicate",
   "id": "tRules",
   "id": "tSample",
   "id": "tSampleRow",
   "id": "tSortRow",
   "id": "tSplitRow",
   "id": "tSqlRow",
   "id": "tSurviveFields",
   "id": "tTop",
   "id": "tTopBy",
   "id": "tUniqRow",
   "id": "tWindow",
   "id": "tWriteAvroFields",
   "id": "tWriteDelimitedFields",
   "id": "tWriteDynamicFields",
   "id": "tWriteJSONField",
   "id": "tWritePositionalFields",
   "id": "tWriteXMLFields",
   "id": "tXMLMap",
   "id": "cAggregate",
   "id": "cDynamicRouter",
   "id": "cIdempotentConsumer",
   "id": "cLoadBalancer",
   "id": "cMessageFilter",
   "id": "cMessageRouter",
   "id": "cMulticast",
   "id": "cPipesAndFilters",
   "id": "cRecipientList",
   "id": "cRoutingSlip",
   "id": "cSplitter",
   "id": "cThrottler",
   "id": "cWireTap",
   "id": "tAzureFSConfiguration",
   "id": "tBigQueryConfiguration",
   "id": "tCassandraConfiguration",
   "id": "tDynamoDBConfiguration",
   "id": "tGoogleCloudConfiguration",
   "id": "tGSConfiguration",
   "id": "tHBaseConfiguration",
   "id": "tHDFSConfiguration",
   "id": "tHiveConfiguration",
   "id": "tJDBCConfiguration",
   "id": "tKuduConfiguration",
   "id": "tMapRDBConfiguration",
   "id": "tMysqlConfiguration",
   "id": "tOracleConfiguration",
   "id": "tRedshiftConfiguration",
   "id": "tS3Configuration",
   "id": "tTachyonConfiguration",
   "id": "tTeradataConfiguration",
   "id": "tJDBCOutput",
   "id": "tRunJob",
   "id": "tSetEnv",
   "id": "tSSH",
   "id": "tSystem",
   "id": "cTalendJob",
   "id": "tJobFailure",
   "id": "tJobLog",
   "id": "tJobReject",
   "id": "tDataprepRun",
   "id": "tDatasetInput",
   "id": "tDatasetOutput",
   "id": "tDataStewardshipTaskDelete",
   "id": "tDataStewardshipTaskInput",
   "id": "tDataStewardshipTaskOutput",
   "id": "tMDMBulkLoad",
   "id": "tMDMClose",
   "id": "tMDMCommit",
   "id": "tMDMConnection",
   "id": "tMDMDelete",
   "id": "tMDMInput",
   "id": "tMDMOutput",
   "id": "tMDMReceive",
   "id": "tMDMRestInput",
   "id": "tMDMRollback",
   "id": "tMDMRouteRecord",
   "id": "tMDMSP",
   "id": "tMDMTriggerInput",
   "id": "tMDMTriggerOutput",
   "id": "tMDMViewSearch",
   "id": "tSurviveFields",
   "id": "tBoundedStreamInput",
   "id": "tCollectAndCheck",
   "id": "tDeltaLakeInput",
   "id": "tDeltaLakeOutput",
   "id": "tHashInput",
   "id": "tHashOutput",
   "id": "cDataset",
   "id": "cMock",
   "id": "cContentEnricher",
   "id": "cConvertBodyTo",
   "id": "cFlatPack",
   "id": "cMap",
   "id": "tRestWebServiceLookupInput",
   "id": "tRestWebServiceOutput",
