id, value
Talend Data Fabric,
Talend Data Fabric.Authentication,
Talend Data Fabric.Authentication.tSetKeystore,1
Talend Data Fabric.AWS,
Talend Data Fabric.AWS.cAWSConnection,3
Talend Data Fabric.AWS.S3,
Talend Data Fabric.AWS.S3.cAWSS3,4
Talend Data Fabric.AWS.cAWSSES,5
Talend Data Fabric.AWS.cAWSSNS,6
Talend Data Fabric.AWS.SQS,
Talend Data Fabric.AWS.SQS.cAWSSQS,7
Talend Data Fabric.Big Data,
Talend Data Fabric.Big Data.tBigQueryBulkExec,9
Talend Data Fabric.Big Data.tBigQueryInput,10
Talend Data Fabric.Big Data.tBigQueryOutput,11
Talend Data Fabric.Big Data.tBigQueryOutputBulk,12
Talend Data Fabric.Big Data.tBigQuerySQLRow,13
Talend Data Fabric.Big Data.Cassandra,
Talend Data Fabric.Big Data.Cassandra.tCassandraBulkExec,14
Talend Data Fabric.Big Data.Cassandra.tCassandraClose,15
Talend Data Fabric.Big Data.Cassandra.tCassandraConnection,16
Talend Data Fabric.Big Data.Cassandra.tCassandraInput,17
Talend Data Fabric.Big Data.Cassandra.tCassandraOutput,18
Talend Data Fabric.Big Data.Cassandra.tCassandraOutputBulk,19
Talend Data Fabric.Big Data.Cassandra.tCassandraOutputBulkExec,20
Talend Data Fabric.Big Data.Cassandra.tCassandraRow,21
Talend Data Fabric.Big Data.tDBFSConnection,22
Talend Data Fabric.Big Data.tDBFSGet,23
Talend Data Fabric.Big Data.tDBFSPut,24
Talend Data Fabric.Big Data.DynamoDB,
Talend Data Fabric.Big Data.DynamoDB.tDynamoDBInput,25
Talend Data Fabric.Big Data.DynamoDB.tDynamoDBOutput,26
Talend Data Fabric.Big Data.tGSBucketCreate,27
Talend Data Fabric.Big Data.tGSBucketDelete,28
Talend Data Fabric.Big Data.tGSBucketExist,29
Talend Data Fabric.Big Data.tGSBucketList,30
Talend Data Fabric.Big Data.tGSClose,31
Talend Data Fabric.Big Data.tGSConnection,32
Talend Data Fabric.Big Data.tGSCopy,33
Talend Data Fabric.Big Data.tGSDelete,34
Talend Data Fabric.Big Data.tGSGet,35
Talend Data Fabric.Big Data.tGSList,36
Talend Data Fabric.Big Data.tGSPut,37
Talend Data Fabric.Big Data.HBase,
Talend Data Fabric.Big Data.HBase.tHBaseClose,38
Talend Data Fabric.Big Data.HBase.tHBaseConnection,39
Talend Data Fabric.Big Data.HBase.tHBaseInput,40
Talend Data Fabric.Big Data.HBase.tHBaseOutput,41
Talend Data Fabric.Big Data.tHCatalogInput,42
Talend Data Fabric.Big Data.tHCatalogLoad,43
Talend Data Fabric.Big Data.tHCatalogOperation,44
Talend Data Fabric.Big Data.tHCatalogOutput,45
Talend Data Fabric.Big Data.HDFS,
Talend Data Fabric.Big Data.HDFS.tHDFSCompare,46
Talend Data Fabric.Big Data.HDFS.tHDFSConnection,47
Talend Data Fabric.Big Data.HDFS.tHDFSCopy,48
Talend Data Fabric.Big Data.HDFS.tHDFSDelete,49
Talend Data Fabric.Big Data.HDFS.tHDFSExist,50
Talend Data Fabric.Big Data.HDFS.tHDFSGet,51
Talend Data Fabric.Big Data.HDFS.tHDFSInput,52
Talend Data Fabric.Big Data.HDFS.tHDFSList,53
Talend Data Fabric.Big Data.HDFS.tHDFSOutput,54
Talend Data Fabric.Big Data.HDFS.tHDFSOutputRaw,55
Talend Data Fabric.Big Data.HDFS.tHDFSProperties,56
Talend Data Fabric.Big Data.HDFS.tHDFSPut,57
Talend Data Fabric.Big Data.HDFS.tHDFSRename,58
Talend Data Fabric.Big Data.HDFS.tHDFSRowCount,59
Talend Data Fabric.Big Data.Hive,
Talend Data Fabric.Big Data.Hive.tHiveClose,60
Talend Data Fabric.Big Data.Hive.tHiveConnection,61
Talend Data Fabric.Big Data.Hive.tHiveCreateTable,62
Talend Data Fabric.Big Data.Hive.tHiveInput,63
Talend Data Fabric.Big Data.Hive.tHiveLoad,64
Talend Data Fabric.Big Data.Hive.tHiveRow,65
Talend Data Fabric.Big Data.Impala,
Talend Data Fabric.Big Data.Impala.tImpalaClose,66
Talend Data Fabric.Big Data.Impala.tImpalaConnection,67
Talend Data Fabric.Big Data.Impala.tImpalaCreateTable,68
Talend Data Fabric.Big Data.Impala.tImpalaInput,69
Talend Data Fabric.Big Data.Impala.tImpalaLoad,70
Talend Data Fabric.Big Data.Impala.tImpalaOutput,71
Talend Data Fabric.Big Data.Impala.tImpalaRow,72
Talend Data Fabric.Big Data.MapR,
Talend Data Fabric.Big Data.MapR.tMapRDBClose,73
Talend Data Fabric.Big Data.MapR.tMapRDBConnection,74
Talend Data Fabric.Big Data.MapR.tMapRDBInput,75
Talend Data Fabric.Big Data.MapR.tMapRDBOutput,76
Talend Data Fabric.Big Data.MapR.tMapRStreamsConnection,77
Talend Data Fabric.Big Data.MarkLogic,
Talend Data Fabric.Big Data.MarkLogic.tMarkLogicBulkLoad,78
Talend Data Fabric.Big Data.MarkLogic.tMarkLogicClose,79
Talend Data Fabric.Big Data.MarkLogic.tMarkLogicConnection,80
Talend Data Fabric.Big Data.MarkLogic.tMarkLogicInput,81
Talend Data Fabric.Big Data.MarkLogic.tMarkLogicOutput,82
Talend Data Fabric.Big Data.MongoDB,
Talend Data Fabric.Big Data.MongoDB.tMongoDBBulkLoad,83
Talend Data Fabric.Big Data.MongoDB.tMongoDBClose,84
Talend Data Fabric.Big Data.MongoDB.tMongoDBConnection,85
Talend Data Fabric.Big Data.MongoDB.tMongoDBGridFSDelete,86
Talend Data Fabric.Big Data.MongoDB.tMongoDBGridFSGet,87
Talend Data Fabric.Big Data.MongoDB.tMongoDBGridFSList,88
Talend Data Fabric.Big Data.MongoDB.tMongoDBGridFSProperties,89
Talend Data Fabric.Big Data.MongoDB.tMongoDBGridFSPut,90
Talend Data Fabric.Big Data.MongoDB.tMongoDBInput,91
Talend Data Fabric.Big Data.MongoDB.tMongoDBOutput,92
Talend Data Fabric.Big Data.MongoDB.tMongoDBRow,93
Talend Data Fabric.Big Data.Neo4j,
Talend Data Fabric.Big Data.Neo4j.tNeo4jBatchOutput,94
Talend Data Fabric.Big Data.Neo4j.tNeo4jBatchOutputRelationship,95
Talend Data Fabric.Big Data.Neo4j.tNeo4jBatchSchema,96
Talend Data Fabric.Big Data.Neo4j.tNeo4jClose,97
Talend Data Fabric.Big Data.Neo4j.tNeo4jConnection,98
Talend Data Fabric.Big Data.Neo4j.tNeo4jImportTool,99
Talend Data Fabric.Big Data.Neo4j.tNeo4jInput,100
Talend Data Fabric.Big Data.Neo4j.tNeo4jOutput,101
Talend Data Fabric.Big Data.Neo4j.tNeo4jOutputRelationship,102
Talend Data Fabric.Big Data.Neo4j.tNeo4jRow,103
Talend Data Fabric.Big Data.Riak,
Talend Data Fabric.Big Data.Riak.tRiakBucketList,104
Talend Data Fabric.Big Data.Riak.tRiakClose,105
Talend Data Fabric.Big Data.Riak.tRiakConnection,106
Talend Data Fabric.Big Data.Riak.tRiakInput,107
Talend Data Fabric.Big Data.Riak.tRiakKeyList,108
Talend Data Fabric.Big Data.Riak.tRiakOutput,109
Talend Data Fabric.Big Data.Sqoop,
Talend Data Fabric.Big Data.Sqoop.tSqoopExport,110
Talend Data Fabric.Big Data.Sqoop.tSqoopImport,111
Talend Data Fabric.Big Data.Sqoop.tSqoopImportAllTables,112
Talend Data Fabric.Big Data.Sqoop.tSqoopMerge,113
Talend Data Fabric.Business,
Talend Data Fabric.Business.tBonitaDeploy,115
Talend Data Fabric.Business.tBonitaInstantiateProcess,116
Talend Data Fabric.Business.tJIRAInput,117
Talend Data Fabric.Business.tJIRAOutput,118
Talend Data Fabric.Business.Marketo,
Talend Data Fabric.Business.Marketo.tMarketoBulkExec,119
Talend Data Fabric.Business.Marketo.tMarketoCampaign,120
Talend Data Fabric.Business.Marketo.tMarketoConnection,121
Talend Data Fabric.Business.Marketo.tMarketoInput,122
Talend Data Fabric.Business.Marketo.tMarketoListOperation,123
Talend Data Fabric.Business.Marketo.tMarketoOutput,124
Talend Data Fabric.Business.Microsoft,
Talend Data Fabric.Business.Microsoft.tMicrosoftCrmInput,125
Talend Data Fabric.Business.Microsoft.tMicrosoftCrmOutput,126
Talend Data Fabric.Business.Netsuite,
Talend Data Fabric.Business.Netsuite.tNetsuiteConnection,127
Talend Data Fabric.Business.Netsuite.tNetsuiteInput,128
Talend Data Fabric.Business.Netsuite.tNetsuiteOutput,129
Talend Data Fabric.Business.tOpenbravoERPInput,130
Talend Data Fabric.Business.tOpenbravoERPOutput,131
Talend Data Fabric.Business.Salesforce,
Talend Data Fabric.Business.Salesforce.tSalesforceBulkExec,132
Talend Data Fabric.Business.Salesforce.tSalesforceConnection,133
Talend Data Fabric.Business.Salesforce.tSalesforceEinsteinBulkExec,134
Talend Data Fabric.Business.Salesforce.tSalesforceEinsteinOutputBulkExec,135
Talend Data Fabric.Business.Salesforce.tSalesforceGetDeleted,136
Talend Data Fabric.Business.Salesforce.tSalesforceGetServerTimestamp,137
Talend Data Fabric.Business.Salesforce.tSalesforceGetUpdated,138
Talend Data Fabric.Business.Salesforce.tSalesforceInput,139
Talend Data Fabric.Business.Salesforce.tSalesforceOutput,140
Talend Data Fabric.Business.Salesforce.tSalesforceOutputBulk,141
Talend Data Fabric.Business.Salesforce.tSalesforceOutputBulkExec,142
Talend Data Fabric.Business.SAP,
Talend Data Fabric.Business.SAP.tSAPADSOInput,143
Talend Data Fabric.Business.SAP.tSAPBapi,144
Talend Data Fabric.Business.SAP.tSAPBWInput,145
Talend Data Fabric.Business.SAP.tSAPCommit,146
Talend Data Fabric.Business.SAP.tSAPConnection,147
Talend Data Fabric.Business.SAP.tSAPDataSourceOutput,148
Talend Data Fabric.Business.SAP.tSAPDataSourceReceiver,149
Talend Data Fabric.Business.SAP.tSAPDSOInput,150
Talend Data Fabric.Business.SAP.tSAPDSOOutput,151
Talend Data Fabric.Business.SAP.tSAPIDocInput,152
Talend Data Fabric.Business.SAP.tSAPIDocOutput,153
Talend Data Fabric.Business.SAP.tSAPIDocReceiver,154
Talend Data Fabric.Business.SAP.tSAPInfoCubeInput,155
Talend Data Fabric.Business.SAP.tSAPInfoObjectInput,156
Talend Data Fabric.Business.SAP.tSAPInfoObjectOutput,157
Talend Data Fabric.Business.SAP.tSAPODPInput,158
Talend Data Fabric.Business.SAP.tSAPRollback,159
Talend Data Fabric.Business.SAP.tSAPTableInput,160
Talend Data Fabric.Business.ServiceNow,
Talend Data Fabric.Business.ServiceNow.tServiceNowConnection,161
Talend Data Fabric.Business.ServiceNow.tServiceNowInput,162
Talend Data Fabric.Business.ServiceNow.tServiceNowOutput,163
Talend Data Fabric.Business.tVtigerCRMInput,164
Talend Data Fabric.Business.tVtigerCRMOutput,165
Talend Data Fabric.Business.tWorkdayInput,166
Talend Data Fabric.Business Intelligence,
Talend Data Fabric.Business Intelligence.tBarChart,168
Talend Data Fabric.Business Intelligence.DB2,
Talend Data Fabric.Business Intelligence.DB2.tDB2SCD,169
Talend Data Fabric.Business Intelligence.DB2.tDB2SCDELT,170
Talend Data Fabric.Business Intelligence.Greenplum,
Talend Data Fabric.Business Intelligence.Greenplum.tGreenplumSCD,171
Talend Data Fabric.Business Intelligence.Informix,
Talend Data Fabric.Business Intelligence.Informix.tInformixSCD,172
Talend Data Fabric.Business Intelligence.Ingres,
Talend Data Fabric.Business Intelligence.Ingres.tIngresSCD,173
Talend Data Fabric.Business Intelligence.tJasperOutput,174
Talend Data Fabric.Business Intelligence.tJasperOutputExec,175
Talend Data Fabric.Business Intelligence.JDBC,
Talend Data Fabric.Business Intelligence.JDBC.tJDBCSCDELT,176
Talend Data Fabric.Business Intelligence.tLineChart,177
Talend Data Fabric.Business Intelligence.tMondrianInput,178
Talend Data Fabric.Business Intelligence.MSSql,
Talend Data Fabric.Business Intelligence.MSSql.tMSSqlSCD,179
Talend Data Fabric.Business Intelligence.Mysql,
Talend Data Fabric.Business Intelligence.Mysql.tMysqlSCD,180
Talend Data Fabric.Business Intelligence.Mysql.tMysqlSCDELT,181
Talend Data Fabric.Business Intelligence.Netezza,
Talend Data Fabric.Business Intelligence.Netezza.tNetezzaSCD,182
Talend Data Fabric.Business Intelligence.Oracle,
Talend Data Fabric.Business Intelligence.Oracle.tOracleSCD,183
Talend Data Fabric.Business Intelligence.Oracle.tOracleSCDELT,184
Talend Data Fabric.Business Intelligence.Palo,
Talend Data Fabric.Business Intelligence.Palo.tPaloCheckElements,185
Talend Data Fabric.Business Intelligence.Palo.tPaloClose,186
Talend Data Fabric.Business Intelligence.Palo.tPaloConnection,187
Talend Data Fabric.Business Intelligence.Palo.tPaloCube,188
Talend Data Fabric.Business Intelligence.Palo.tPaloCubeList,189
Talend Data Fabric.Business Intelligence.Palo.tPaloDatabase,190
Talend Data Fabric.Business Intelligence.Palo.tPaloDatabaseList,191
Talend Data Fabric.Business Intelligence.Palo.tPaloDimension,192
Talend Data Fabric.Business Intelligence.Palo.tPaloDimensionList,193
Talend Data Fabric.Business Intelligence.Palo.tPaloInputMulti,194
Talend Data Fabric.Business Intelligence.Palo.tPaloOutput,195
Talend Data Fabric.Business Intelligence.Palo.tPaloOutputMulti,196
Talend Data Fabric.Business Intelligence.Palo.tPaloRule,197
Talend Data Fabric.Business Intelligence.Palo.tPaloRuleList,198
Talend Data Fabric.Business Intelligence.ParAccel,
Talend Data Fabric.Business Intelligence.ParAccel.tParAccelSCD,199
Talend Data Fabric.Business Intelligence.Postgres,
Talend Data Fabric.Business Intelligence.Postgres.tPostgresPlusSCD,200
Talend Data Fabric.Business Intelligence.Postgres.tPostgresPlusSCDELT,201
Talend Data Fabric.Business Intelligence.Postgres.tPostgresqlSCD,202
Talend Data Fabric.Business Intelligence.Postgres.tPostgresqlSCDELT,203
Talend Data Fabric.Business Intelligence.Splunk,
Talend Data Fabric.Business Intelligence.Splunk.tSplunkEventCollector,204
Talend Data Fabric.Business Intelligence.Sybase,
Talend Data Fabric.Business Intelligence.Sybase.tSybaseSCD,205
Talend Data Fabric.Business Intelligence.Sybase.tSybaseSCDELT,206
Talend Data Fabric.Business Intelligence.Teradata,
Talend Data Fabric.Business Intelligence.Teradata.tTeradataSCD,207
Talend Data Fabric.Business Intelligence.Teradata.tTeradataSCDELT,208
Talend Data Fabric.Business Intelligence.Vertica,
Talend Data Fabric.Business Intelligence.Vertica.tVerticaSCD,209
Talend Data Fabric.Cloud,
Talend Data Fabric.Cloud.Amazon,
Talend Data Fabric.Cloud.Amazon.Aurora,
Talend Data Fabric.Cloud.Amazon.Aurora.tAmazonAuroraClose,211
Talend Data Fabric.Cloud.Amazon.Aurora.tAmazonAuroraCommit,212
Talend Data Fabric.Cloud.Amazon.Aurora.tAmazonAuroraConnection,213
Talend Data Fabric.Cloud.Amazon.Aurora.tAmazonAuroraInput,214
Talend Data Fabric.Cloud.Amazon.Aurora.tAmazonAuroraOutput,215
Talend Data Fabric.Cloud.Amazon.Aurora.tAmazonAuroraRollback,216
Talend Data Fabric.Cloud.Amazon.tAmazonEMRListInstances,217
Talend Data Fabric.Cloud.Amazon.tAmazonEMRManage,218
Talend Data Fabric.Cloud.Amazon.tAmazonEMRResize,219
Talend Data Fabric.Cloud.Amazon.Mysql,
Talend Data Fabric.Cloud.Amazon.Mysql.tAmazonMysqlClose,220
Talend Data Fabric.Cloud.Amazon.Mysql.tAmazonMysqlCommit,221
Talend Data Fabric.Cloud.Amazon.Mysql.tAmazonMysqlConnection,222
Talend Data Fabric.Cloud.Amazon.Mysql.tAmazonMysqlInput,223
Talend Data Fabric.Cloud.Amazon.Mysql.tAmazonMysqlOutput,224
Talend Data Fabric.Cloud.Amazon.Mysql.tAmazonMysqlRollback,225
Talend Data Fabric.Cloud.Amazon.Mysql.tAmazonMysqlRow,226
Talend Data Fabric.Cloud.Amazon.Oracle,
Talend Data Fabric.Cloud.Amazon.Oracle.tAmazonOracleClose,227
Talend Data Fabric.Cloud.Amazon.Oracle.tAmazonOracleCommit,228
Talend Data Fabric.Cloud.Amazon.Oracle.tAmazonOracleConnection,229
Talend Data Fabric.Cloud.Amazon.Oracle.tAmazonOracleInput,230
Talend Data Fabric.Cloud.Amazon.Oracle.tAmazonOracleOutput,231
Talend Data Fabric.Cloud.Amazon.Oracle.tAmazonOracleRollback,232
Talend Data Fabric.Cloud.Amazon.Oracle.tAmazonOracleRow,233
Talend Data Fabric.Cloud.Amazon.Redshift,
Talend Data Fabric.Cloud.Amazon.Redshift.tAmazonRedshiftManage,234
Talend Data Fabric.Cloud.Azure,
Talend Data Fabric.Cloud.Azure.tAzureAdlsGen2Input,235
Talend Data Fabric.Cloud.Azure.tAzureAdlsGen2Output,236
Talend Data Fabric.Cloud.Azure.tAzureStorageConnection,237
Talend Data Fabric.Cloud.Azure.tAzureStorageContainerCreate,238
Talend Data Fabric.Cloud.Azure.tAzureStorageContainerDelete,239
Talend Data Fabric.Cloud.Azure.tAzureStorageContainerExist,240
Talend Data Fabric.Cloud.Azure.tAzureStorageContainerList,241
Talend Data Fabric.Cloud.Azure.tAzureStorageDelete,242
Talend Data Fabric.Cloud.Azure.tAzureStorageGet,243
Talend Data Fabric.Cloud.Azure.tAzureStorageInputTable,244
Talend Data Fabric.Cloud.Azure.tAzureStorageList,245
Talend Data Fabric.Cloud.Azure.tAzureStorageOutputTable,246
Talend Data Fabric.Cloud.Azure.tAzureStoragePut,247
Talend Data Fabric.Cloud.Azure.tAzureStorageQueueCreate,248
Talend Data Fabric.Cloud.Azure.tAzureStorageQueueDelete,249
Talend Data Fabric.Cloud.Azure.tAzureStorageQueueInput,250
Talend Data Fabric.Cloud.Azure.tAzureStorageQueueInputLoop,251
Talend Data Fabric.Cloud.Azure.tAzureStorageQueueList,252
Talend Data Fabric.Cloud.Azure.tAzureStorageQueueOutput,253
Talend Data Fabric.Cloud.Azure.tAzureStorageQueuePurge,254
Talend Data Fabric.Cloud.Box,
Talend Data Fabric.Cloud.Box.tBoxConnection,255
Talend Data Fabric.Cloud.Box.tBoxCopy,256
Talend Data Fabric.Cloud.Box.tBoxDelete,257
Talend Data Fabric.Cloud.Box.tBoxGet,258
Talend Data Fabric.Cloud.Box.tBoxList,259
Talend Data Fabric.Cloud.Box.tBoxPut,260
Talend Data Fabric.Cloud.tCloudStart,261
Talend Data Fabric.Cloud.tCloudStop,262
Talend Data Fabric.Cloud.Cosmos,
Talend Data Fabric.Cloud.Cosmos.tCosmosDBBulkLoad,263
Talend Data Fabric.Cloud.Cosmos.tCosmosDBConnection,264
Talend Data Fabric.Cloud.Cosmos.tCosmosDBInput,265
Talend Data Fabric.Cloud.Cosmos.tCosmosDBOutput,266
Talend Data Fabric.Cloud.Cosmos.tCosmosDBRow,267
Talend Data Fabric.Cloud.Dropbox,
Talend Data Fabric.Cloud.Dropbox.tDropboxConnection,268
Talend Data Fabric.Cloud.Dropbox.tDropboxDelete,269
Talend Data Fabric.Cloud.Dropbox.tDropboxGet,270
Talend Data Fabric.Cloud.Dropbox.tDropboxList,271
Talend Data Fabric.Cloud.Dropbox.tDropboxPut,272
Talend Data Fabric.Cloud.Google,
Talend Data Fabric.Cloud.Google.tGoogleDataprocManage,273
Talend Data Fabric.Cloud.Google.tGoogleDriveConnection,274
Talend Data Fabric.Cloud.Google.tGoogleDriveCopy,275
Talend Data Fabric.Cloud.Google.tGoogleDriveCreate,276
Talend Data Fabric.Cloud.Google.tGoogleDriveDelete,277
Talend Data Fabric.Cloud.Google.tGoogleDriveGet,278
Talend Data Fabric.Cloud.Google.tGoogleDriveList,279
Talend Data Fabric.Cloud.Google.tGoogleDrivePut,280
Talend Data Fabric.Cloud.tGSBucketCreate,281
Talend Data Fabric.Cloud.tGSBucketDelete,282
Talend Data Fabric.Cloud.tGSBucketExist,283
Talend Data Fabric.Cloud.tGSBucketList,284
Talend Data Fabric.Cloud.tGSClose,285
Talend Data Fabric.Cloud.tGSConnection,286
Talend Data Fabric.Cloud.tGSCopy,287
Talend Data Fabric.Cloud.tGSDelete,288
Talend Data Fabric.Cloud.tGSGet,289
Talend Data Fabric.Cloud.tGSList,290
Talend Data Fabric.Cloud.tGSPut,291
Talend Data Fabric.Cloud.Marketo,
Talend Data Fabric.Cloud.Marketo.tMarketoBulkExec,292
Talend Data Fabric.Cloud.Marketo.tMarketoCampaign,293
Talend Data Fabric.Cloud.Marketo.tMarketoConnection,294
Talend Data Fabric.Cloud.Marketo.tMarketoInput,295
Talend Data Fabric.Cloud.Marketo.tMarketoListOperation,296
Talend Data Fabric.Cloud.Marketo.tMarketoOutput,297
Talend Data Fabric.Cloud.Netsuite,
Talend Data Fabric.Cloud.Netsuite.tNetsuiteInput,298
Talend Data Fabric.Cloud.Netsuite.tNetsuiteOutput,299
Talend Data Fabric.Cloud.Redshift,
Talend Data Fabric.Cloud.Redshift.tRedshiftBulkExec,300
Talend Data Fabric.Cloud.Redshift.tRedshiftClose,301
Talend Data Fabric.Cloud.Redshift.tRedshiftCommit,302
Talend Data Fabric.Cloud.Redshift.tRedshiftConnection,303
Talend Data Fabric.Cloud.Redshift.tRedshiftInput,304
Talend Data Fabric.Cloud.Redshift.tRedshiftOutput,305
Talend Data Fabric.Cloud.Redshift.tRedshiftOutputBulk,306
Talend Data Fabric.Cloud.Redshift.tRedshiftOutputBulkExec,307
Talend Data Fabric.Cloud.Redshift.tRedshiftRollback,308
Talend Data Fabric.Cloud.Redshift.tRedshiftRow,309
Talend Data Fabric.Cloud.Redshift.tRedshiftUnload,310
Talend Data Fabric.Cloud.S3,
Talend Data Fabric.Cloud.S3.tS3BucketCreate,311
Talend Data Fabric.Cloud.S3.tS3BucketDelete,312
Talend Data Fabric.Cloud.S3.tS3BucketExist,313
Talend Data Fabric.Cloud.S3.tS3BucketList,314
Talend Data Fabric.Cloud.S3.tS3Close,315
Talend Data Fabric.Cloud.S3.tS3Connection,316
Talend Data Fabric.Cloud.S3.tS3Copy,317
Talend Data Fabric.Cloud.S3.tS3Delete,318
Talend Data Fabric.Cloud.S3.tS3Get,319
Talend Data Fabric.Cloud.S3.tS3List,320
Talend Data Fabric.Cloud.S3.tS3Put,321
Talend Data Fabric.Cloud.Salesforce,
Talend Data Fabric.Cloud.Salesforce.tSalesforceBulkExec,322
Talend Data Fabric.Cloud.Salesforce.tSalesforceConnection,323
Talend Data Fabric.Cloud.Salesforce.tSalesforceEinsteinBulkExec,324
Talend Data Fabric.Cloud.Salesforce.tSalesforceEinsteinOutputBulkExec,325
Talend Data Fabric.Cloud.Salesforce.tSalesforceGetDeleted,326
Talend Data Fabric.Cloud.Salesforce.tSalesforceGetServerTimestamp,327
Talend Data Fabric.Cloud.Salesforce.tSalesforceGetUpdated,328
Talend Data Fabric.Cloud.Salesforce.tSalesforceInput,329
Talend Data Fabric.Cloud.Salesforce.tSalesforceOutput,330
Talend Data Fabric.Cloud.Salesforce.tSalesforceOutputBulk,331
Talend Data Fabric.Cloud.Salesforce.tSalesforceOutputBulkExec,332
Talend Data Fabric.Cloud.ServiceNow,
Talend Data Fabric.Cloud.ServiceNow.tServiceNowConnection,333
Talend Data Fabric.Cloud.ServiceNow.tServiceNowInput,334
Talend Data Fabric.Cloud.ServiceNow.tServiceNowOutput,335
Talend Data Fabric.Cloud.Snowflake,
Talend Data Fabric.Cloud.Snowflake.tSnowflakeBulkExec,336
Talend Data Fabric.Cloud.Snowflake.tSnowflakeClose,337
Talend Data Fabric.Cloud.Snowflake.tSnowflakeConnection,338
Talend Data Fabric.Cloud.Snowflake.tSnowflakeInput,339
Talend Data Fabric.Cloud.Snowflake.tSnowflakeOutput,340
Talend Data Fabric.Cloud.Snowflake.tSnowflakeOutputBulk,341
Talend Data Fabric.Cloud.Snowflake.tSnowflakeOutputBulkExec,342
Talend Data Fabric.Cloud.Snowflake.tSnowflakeRow,343
Talend Data Fabric.Cloud.SQLDWH,
Talend Data Fabric.Cloud.SQLDWH.tSQLDWHBulkExec,344
Talend Data Fabric.Cloud.SQLDWH.tSQLDWHClose,345
Talend Data Fabric.Cloud.SQLDWH.tSQLDWHCommit,346
Talend Data Fabric.Cloud.SQLDWH.tSQLDWHConnection,347
Talend Data Fabric.Cloud.SQLDWH.tSQLDWHInput,348
Talend Data Fabric.Cloud.SQLDWH.tSQLDWHOutput,349
Talend Data Fabric.Cloud.SQLDWH.tSQLDWHRollback,350
Talend Data Fabric.Cloud.SQLDWH.tSQLDWHRow,351
Talend Data Fabric.Cloud.SQS,
Talend Data Fabric.Cloud.SQS.tSQSConnection,352
Talend Data Fabric.Cloud.SQS.tSQSInput,353
Talend Data Fabric.Cloud.SQS.tSQSMessageChangeVisibility,354
Talend Data Fabric.Cloud.SQS.tSQSMessageDelete,355
Talend Data Fabric.Cloud.SQS.tSQSOutput,356
Talend Data Fabric.Cloud.SQS.tSQSQueueAttributes,357
Talend Data Fabric.Cloud.SQS.tSQSQueueCreate,358
Talend Data Fabric.Cloud.SQS.tSQSQueueDelete,359
Talend Data Fabric.Cloud.SQS.tSQSQueueList,360
Talend Data Fabric.Cloud.SQS.tSQSQueuePurge,361
Talend Data Fabric.Cloud.tWorkdayInput,362
Talend Data Fabric.Connectivity,
Talend Data Fabric.Connectivity.cAMQP,364
Talend Data Fabric.Connectivity.cAWSConnection,365
Talend Data Fabric.Connectivity.S3,
Talend Data Fabric.Connectivity.S3.cAWSS3,366
Talend Data Fabric.Connectivity.cAWSSES,367
Talend Data Fabric.Connectivity.cAWSSNS,368
Talend Data Fabric.Connectivity.SQS,
Talend Data Fabric.Connectivity.SQS.cAWSSQS,369
Talend Data Fabric.Connectivity.cFile,370
Talend Data Fabric.Connectivity.cFtp,371
Talend Data Fabric.Connectivity.cHttp,372
Talend Data Fabric.Connectivity.cJMS,373
Talend Data Fabric.Connectivity.Kafka,
Talend Data Fabric.Connectivity.Kafka.cKafka,374
Talend Data Fabric.Connectivity.cMail,375
Talend Data Fabric.Connectivity.cMQConnectionFactory,376
Talend Data Fabric.Connectivity.cMQTT,377
Talend Data Fabric.Connectivity.cREST,378
Talend Data Fabric.Connectivity.cSOAP,379
Talend Data Fabric.Connectivity.cWMQ,380
Talend Data Fabric.Core,
Talend Data Fabric.Core.cDirect,382
Talend Data Fabric.Core.cDirectVM,383
Talend Data Fabric.Core.cExchangePattern,384
Talend Data Fabric.Core.Java,
Talend Data Fabric.Core.Java.cJavaDSLProcessor,385
Talend Data Fabric.Core.cMessagingEndpoint,386
Talend Data Fabric.Core.cSEDA,387
Talend Data Fabric.Core.cSetBody,388
Talend Data Fabric.Core.cSetHeader,389
Talend Data Fabric.Core.cSetProperty,390
Talend Data Fabric.Core.cVM,391
Talend Data Fabric.Custom,
Talend Data Fabric.Custom.cBean,393
Talend Data Fabric.Custom.cBeanRegister,394
Talend Data Fabric.Custom.cConfig,395
Talend Data Fabric.Custom.cProcessor,396
Talend Data Fabric.Custom Code,
Talend Data Fabric.Custom Code.tGroovy,398
Talend Data Fabric.Custom Code.tGroovyFile,399
Talend Data Fabric.Custom Code.Java,
Talend Data Fabric.Custom Code.Java.tJava,400
Talend Data Fabric.Custom Code.Java.tJavaFlex,401
Talend Data Fabric.Custom Code.Java.tJavaMR,402
Talend Data Fabric.Custom Code.Java.tJavaRow,403
Talend Data Fabric.Custom Code.Java.tJavaStorm,404
Talend Data Fabric.Custom Code.tLibraryLoad,405
Talend Data Fabric.Custom Code.tSetDynamicSchema,406
Talend Data Fabric.Custom Code.tSetGlobalVar,407
Talend Data Fabric.Data Quality,
Talend Data Fabric.Data Quality.tAddCRCRow,409
Talend Data Fabric.Data Quality.Address,
Talend Data Fabric.Data Quality.Address.tAddressRowCloud,410
Talend Data Fabric.Data Quality.Address.tBatchAddressRowCloud,411
Talend Data Fabric.Data Quality.tChangeFileEncoding,412
Talend Data Fabric.Data Quality.tDataDecrypt,413
Talend Data Fabric.Data Quality.tDataEncrypt,414
Talend Data Fabric.Data Quality.tDataMasking,415
Talend Data Fabric.Data Quality.tDataShuffling,416
Talend Data Fabric.Data Quality.tDataUnmasking,417
Talend Data Fabric.Data Quality.tDqReportRun,418
Talend Data Fabric.Data Quality.tDuplicateRow,419
Talend Data Fabric.Data Quality.tExtractRegexFields,420
Talend Data Fabric.Data Quality.tFindRegexlibExpressions,421
Talend Data Fabric.Data Quality.Match,
Talend Data Fabric.Data Quality.Match.tFirstnameMatch,422
Talend Data Fabric.Data Quality.Match.tFuzzyMatch,423
Talend Data Fabric.Data Quality.tFuzzyUniqRow,424
Talend Data Fabric.Data Quality.tGenKey,425
Talend Data Fabric.Data Quality.Google,
Talend Data Fabric.Data Quality.Google.Address,
Talend Data Fabric.Data Quality.Google.Address.tGoogleAddressRow,426
Talend Data Fabric.Data Quality.Google.tGoogleGeocoder,427
Talend Data Fabric.Data Quality.Google.tGoogleMapLookup,428
Talend Data Fabric.Data Quality.Match.tIntervalMatch,429
Talend Data Fabric.Data Quality.tJapaneseNumberNormalize,430
Talend Data Fabric.Data Quality.tJapaneseTokenize,431
Talend Data Fabric.Data Quality.tJapaneseTransliterate,432
Talend Data Fabric.Data Quality.tLastRegexlibExpressions,433
Talend Data Fabric.Data Quality.Address.tLoqateAddressRow,434
Talend Data Fabric.Data Quality.Match.tMatchGroup,435
Talend Data Fabric.Data Quality.Match.tMatchIndex,436
Talend Data Fabric.Data Quality.Match.tMatchIndexPredict,437
Talend Data Fabric.Data Quality.Match.tMatchModel,438
Talend Data Fabric.Data Quality.Match.tMatchPairing,439
Talend Data Fabric.Data Quality.Match.tMatchPredict,440
Talend Data Fabric.Data Quality.Address.tMelissaDataAddress,441
Talend Data Fabric.Data Quality.MSSql,
Talend Data Fabric.Data Quality.MSSql.tMSSqlInvalidRows,442
Talend Data Fabric.Data Quality.MSSql.tMSSqlValidRows,443
Talend Data Fabric.Data Quality.tMultiPatternCheck,444
Talend Data Fabric.Data Quality.tMySQLInvalidRows,445
Talend Data Fabric.Data Quality.tMySQLValidRows,446
Talend Data Fabric.Data Quality.Oracle,
Talend Data Fabric.Data Quality.Oracle.tOracleInvalidRows,447
Talend Data Fabric.Data Quality.Oracle.tOracleValidRows,448
Talend Data Fabric.Data Quality.tPatternCheck,449
Talend Data Fabric.Data Quality.tPatternExtract,450
Talend Data Fabric.Data Quality.tPatternMasking,451
Talend Data Fabric.Data Quality.tPatternUnmasking,452
Talend Data Fabric.Data Quality.tPersonator,453
Talend Data Fabric.Data Quality.Postgres,
Talend Data Fabric.Data Quality.Postgres.tPostgresqlInvalidRows,454
Talend Data Fabric.Data Quality.Postgres.tPostgresqlValidRows,455
Talend Data Fabric.Data Quality.Address.tQASAddressRow,456
Talend Data Fabric.Data Quality.Address.tQASBatchAddressRow,457
Talend Data Fabric.Data Quality.Match.tRecordMatching,458
Talend Data Fabric.Data Quality.tReplaceList,459
Talend Data Fabric.Data Quality.tReservoirSampling,460
Talend Data Fabric.Data Quality.tRuleSurvivorship,461
Talend Data Fabric.Data Quality.tSchemaComplianceCheck,462
Talend Data Fabric.Data Quality.tStandardizePhoneNumber,463
Talend Data Fabric.Data Quality.tStandardizeRow,464
Talend Data Fabric.Data Quality.tStem,465
Talend Data Fabric.Data Quality.tSurviveFields,466
Talend Data Fabric.Data Quality.tSynonymOutput,467
Talend Data Fabric.Data Quality.tSynonymSearch,468
Talend Data Fabric.Data Quality.tThresholdViolationAlert,469
Talend Data Fabric.Data Quality.tTransliterate,470
Talend Data Fabric.Data Quality.tUniqRow,471
Talend Data Fabric.Data Quality.tUniservBTGeneric,472
Talend Data Fabric.Data Quality.tUniservRTConvertName,473
Talend Data Fabric.Data Quality.tUniservRTMailBulk,474
Talend Data Fabric.Data Quality.tUniservRTMailOutput,475
Talend Data Fabric.Data Quality.tUniservRTMailSearch,476
Talend Data Fabric.Data Quality.tUniservRTPost,477
Talend Data Fabric.Data Quality.tVerifyEmail,478
Talend Data Fabric.Databases,
Talend Data Fabric.Databases.Access,
Talend Data Fabric.Databases.Access.tAccessBulkExec,480
Talend Data Fabric.Databases.Access.tAccessClose,481
Talend Data Fabric.Databases.Access.tAccessCommit,482
Talend Data Fabric.Databases.Access.tAccessConnection,483
Talend Data Fabric.Databases.Access.tAccessInput,484
Talend Data Fabric.Databases.Access.tAccessOutput,485
Talend Data Fabric.Databases.Access.tAccessOutputBulk,486
Talend Data Fabric.Databases.Access.tAccessOutputBulkExec,487
Talend Data Fabric.Databases.Access.tAccessRollback,488
Talend Data Fabric.Databases.Access.tAccessRow,489
Talend Data Fabric.Databases.Amazon,
Talend Data Fabric.Databases.Amazon.Aurora,
Talend Data Fabric.Databases.Amazon.Aurora.tAmazonAuroraClose,490
Talend Data Fabric.Databases.Amazon.Aurora.tAmazonAuroraCommit,491
Talend Data Fabric.Databases.Amazon.Aurora.tAmazonAuroraConnection,492
Talend Data Fabric.Databases.Amazon.Aurora.tAmazonAuroraInput,493
Talend Data Fabric.Databases.Amazon.Aurora.tAmazonAuroraOutput,494
Talend Data Fabric.Databases.Amazon.Aurora.tAmazonAuroraRollback,495
Talend Data Fabric.Databases.Amazon.Mysql,
Talend Data Fabric.Databases.Amazon.Mysql.tAmazonMysqlClose,496
Talend Data Fabric.Databases.Amazon.Mysql.tAmazonMysqlCommit,497
Talend Data Fabric.Databases.Amazon.Mysql.tAmazonMysqlConnection,498
Talend Data Fabric.Databases.Amazon.Mysql.tAmazonMysqlInput,499
Talend Data Fabric.Databases.Amazon.Mysql.tAmazonMysqlOutput,500
Talend Data Fabric.Databases.Amazon.Mysql.tAmazonMysqlRollback,501
Talend Data Fabric.Databases.Amazon.Mysql.tAmazonMysqlRow,502
Talend Data Fabric.Databases.Amazon.Oracle,
Talend Data Fabric.Databases.Amazon.Oracle.tAmazonOracleClose,503
Talend Data Fabric.Databases.Amazon.Oracle.tAmazonOracleCommit,504
Talend Data Fabric.Databases.Amazon.Oracle.tAmazonOracleConnection,505
Talend Data Fabric.Databases.Amazon.Oracle.tAmazonOracleInput,506
Talend Data Fabric.Databases.Amazon.Oracle.tAmazonOracleOutput,507
Talend Data Fabric.Databases.Amazon.Oracle.tAmazonOracleRollback,508
Talend Data Fabric.Databases.Amazon.Oracle.tAmazonOracleRow,509
Talend Data Fabric.Databases.Amazon.Redshift,
Talend Data Fabric.Databases.Amazon.Redshift.tAmazonRedshiftManage,510
Talend Data Fabric.Databases.AS400,
Talend Data Fabric.Databases.AS400.tAS400CDC,511
Talend Data Fabric.Databases.AS400.tAS400Close,512
Talend Data Fabric.Databases.AS400.tAS400Commit,513
Talend Data Fabric.Databases.AS400.tAS400Connection,514
Talend Data Fabric.Databases.AS400.tAS400Input,515
Talend Data Fabric.Databases.AS400.tAS400LastInsertId,516
Talend Data Fabric.Databases.AS400.tAS400Output,517
Talend Data Fabric.Databases.AS400.tAS400Rollback,518
Talend Data Fabric.Databases.AS400.tAS400Row,519
Talend Data Fabric.Databases.tBigQueryConfiguration,520
Talend Data Fabric.Databases.tBigQueryInput,521
Talend Data Fabric.Databases.tBigQueryOutput,522
Talend Data Fabric.Databases.Cassandra,
Talend Data Fabric.Databases.Cassandra.tCassandraConfiguration,523
Talend Data Fabric.Databases.Cassandra.tCassandraInput,524
Talend Data Fabric.Databases.Cassandra.tCassandraLookupInput,525
Talend Data Fabric.Databases.Cassandra.tCassandraOutput,526
Talend Data Fabric.Databases.Cosmos,
Talend Data Fabric.Databases.Cosmos.tCosmosDBBulkLoad,527
Talend Data Fabric.Databases.Cosmos.tCosmosDBConnection,528
Talend Data Fabric.Databases.Cosmos.tCosmosDBInput,529
Talend Data Fabric.Databases.Cosmos.tCosmosDBOutput,530
Talend Data Fabric.Databases.Cosmos.tCosmosDBRow,531
Talend Data Fabric.Databases.tCreateTable,532
Talend Data Fabric.Databases.DB2,
Talend Data Fabric.Databases.DB2.tDB2BulkExec,533
Talend Data Fabric.Databases.DB2.tDB2CDC,534
Talend Data Fabric.Databases.DB2.tDB2Close,535
Talend Data Fabric.Databases.DB2.tDB2Commit,536
Talend Data Fabric.Databases.DB2.tDB2Connection,537
Talend Data Fabric.Databases.DB2.tDB2Input,538
Talend Data Fabric.Databases.DB2.tDB2Output,539
Talend Data Fabric.Databases.DB2.tDB2Rollback,540
Talend Data Fabric.Databases.DB2.tDB2Row,541
Talend Data Fabric.Databases.DB2.tDB2SCD,542
Talend Data Fabric.Databases.DB2.tDB2SCDELT,543
Talend Data Fabric.Databases.DB2.tDB2SP,544
Talend Data Fabric.Databases.tDBBulkExec,545
Talend Data Fabric.Databases.tDBCDC,546
Talend Data Fabric.Databases.tDBCDCOutput,547
Talend Data Fabric.Databases.tDBClose,548
Talend Data Fabric.Databases.tDBColumnList,549
Talend Data Fabric.Databases.tDBCommit,550
Talend Data Fabric.Databases.tDBConnection,551
Talend Data Fabric.Databases.tDBInput,552
Talend Data Fabric.Databases.tDBInvalidRows,553
Talend Data Fabric.Databases.tDBLastInsertId,554
Talend Data Fabric.Databases.tDBOutput,555
Talend Data Fabric.Databases.tDBOutputBulk,556
Talend Data Fabric.Databases.tDBOutputBulkExec,557
Talend Data Fabric.Databases.tDBRollback,558
Talend Data Fabric.Databases.tDBRow,559
Talend Data Fabric.Databases.tDBSCD,560
Talend Data Fabric.Databases.tDBSCDELT,561
Talend Data Fabric.Databases.tDBSP,562
Talend Data Fabric.Databases.tDBSQLRow,563
Talend Data Fabric.Databases.tDBTableList,564
Talend Data Fabric.Databases.tDBValidRows,565
Talend Data Fabric.Databases.DynamoDB,
Talend Data Fabric.Databases.DynamoDB.tDynamoDBConfiguration,566
Talend Data Fabric.Databases.DynamoDB.tDynamoDBInput,567
Talend Data Fabric.Databases.DynamoDB.tDynamoDBLookupInput,568
Talend Data Fabric.Databases.DynamoDB.tDynamoDBOutput,569
Talend Data Fabric.Databases.EXA,
Talend Data Fabric.Databases.EXA.tEXABulkExec,570
Talend Data Fabric.Databases.EXA.tEXAClose,571
Talend Data Fabric.Databases.EXA.tEXACommit,572
Talend Data Fabric.Databases.EXA.tEXAConnection,573
Talend Data Fabric.Databases.EXA.tEXAInput,574
Talend Data Fabric.Databases.EXA.tEXAOutput,575
Talend Data Fabric.Databases.EXA.tEXARollback,576
Talend Data Fabric.Databases.EXA.tEXARow,577
Talend Data Fabric.Databases.EXist,
Talend Data Fabric.Databases.EXist.tEXistConnection,578
Talend Data Fabric.Databases.EXist.tEXistDelete,579
Talend Data Fabric.Databases.EXist.tEXistGet,580
Talend Data Fabric.Databases.EXist.tEXistList,581
Talend Data Fabric.Databases.EXist.tEXistPut,582
Talend Data Fabric.Databases.EXist.tEXistXQuery,583
Talend Data Fabric.Databases.EXist.tEXistXUpdate,584
Talend Data Fabric.Databases.Firebird,
Talend Data Fabric.Databases.Firebird.tFirebirdClose,585
Talend Data Fabric.Databases.Firebird.tFirebirdCommit,586
Talend Data Fabric.Databases.Firebird.tFirebirdConnection,587
Talend Data Fabric.Databases.Firebird.tFirebirdInput,588
Talend Data Fabric.Databases.Firebird.tFirebirdOutput,589
Talend Data Fabric.Databases.Firebird.tFirebirdRollback,590
Talend Data Fabric.Databases.Firebird.tFirebirdRow,591
Talend Data Fabric.Databases.Greenplum,
Talend Data Fabric.Databases.Greenplum.tGreenplumBulkExec,592
Talend Data Fabric.Databases.Greenplum.tGreenplumClose,593
Talend Data Fabric.Databases.Greenplum.tGreenplumCommit,594
Talend Data Fabric.Databases.Greenplum.tGreenplumConnection,595
Talend Data Fabric.Databases.Greenplum.tGreenplumGPLoad,596
Talend Data Fabric.Databases.Greenplum.tGreenplumInput,597
Talend Data Fabric.Databases.Greenplum.tGreenplumOutput,598
Talend Data Fabric.Databases.Greenplum.tGreenplumOutputBulk,599
Talend Data Fabric.Databases.Greenplum.tGreenplumOutputBulkExec,600
Talend Data Fabric.Databases.Greenplum.tGreenplumRollback,601
Talend Data Fabric.Databases.Greenplum.tGreenplumRow,602
Talend Data Fabric.Databases.Greenplum.tGreenplumSCD,603
Talend Data Fabric.Databases.HBase,
Talend Data Fabric.Databases.HBase.tHBaseConfiguration,604
Talend Data Fabric.Databases.HBase.tHBaseInput,605
Talend Data Fabric.Databases.HBase.tHBaseLookupInput,606
Talend Data Fabric.Databases.HBase.tHBaseOutput,607
Talend Data Fabric.Databases.Hive,
Talend Data Fabric.Databases.Hive.tHiveClose,608
Talend Data Fabric.Databases.Hive.tHiveConnection,609
Talend Data Fabric.Databases.Hive.tHiveCreateTable,610
Talend Data Fabric.Databases.Hive.tHiveInput,611
Talend Data Fabric.Databases.Hive.tHiveLoad,612
Talend Data Fabric.Databases.Hive.tHiveOutput,613
Talend Data Fabric.Databases.Hive.tHiveRow,614
Talend Data Fabric.Databases.HSQLD,
Talend Data Fabric.Databases.HSQLD.tHSQLDbInput,615
Talend Data Fabric.Databases.HSQLD.tHSQLDbOutput,616
Talend Data Fabric.Databases.HSQLD.tHSQLDbRow,617
Talend Data Fabric.Databases.Informix,
Talend Data Fabric.Databases.Informix.tInformixBulkExec,618
Talend Data Fabric.Databases.Informix.tInformixCDC,619
Talend Data Fabric.Databases.Informix.tInformixClose,620
Talend Data Fabric.Databases.Informix.tInformixCommit,621
Talend Data Fabric.Databases.Informix.tInformixConnection,622
Talend Data Fabric.Databases.Informix.tInformixInput,623
Talend Data Fabric.Databases.Informix.tInformixOutput,624
Talend Data Fabric.Databases.Informix.tInformixOutputBulk,625
Talend Data Fabric.Databases.Informix.tInformixOutputBulkExec,626
Talend Data Fabric.Databases.Informix.tInformixRollback,627
Talend Data Fabric.Databases.Informix.tInformixRow,628
Talend Data Fabric.Databases.Informix.tInformixSCD,629
Talend Data Fabric.Databases.Informix.tInformixSP,630
Talend Data Fabric.Databases.Ingres,
Talend Data Fabric.Databases.Ingres.tIngresBulkExec,631
Talend Data Fabric.Databases.Ingres.tIngresCDC,632
Talend Data Fabric.Databases.Ingres.tIngresClose,633
Talend Data Fabric.Databases.Ingres.tIngresCommit,634
Talend Data Fabric.Databases.Ingres.tIngresConnection,635
Talend Data Fabric.Databases.Ingres.tIngresInput,636
Talend Data Fabric.Databases.Ingres.tIngresOutput,637
Talend Data Fabric.Databases.Ingres.tIngresOutputBulk,638
Talend Data Fabric.Databases.Ingres.tIngresOutputBulkExec,639
Talend Data Fabric.Databases.Ingres.tIngresRollback,640
Talend Data Fabric.Databases.Ingres.tIngresRow,641
Talend Data Fabric.Databases.Ingres.tIngresSCD,642
Talend Data Fabric.Databases.Interbase,
Talend Data Fabric.Databases.Interbase.tInterbaseClose,643
Talend Data Fabric.Databases.Interbase.tInterbaseCommit,644
Talend Data Fabric.Databases.Interbase.tInterbaseConnection,645
Talend Data Fabric.Databases.Interbase.tInterbaseInput,646
Talend Data Fabric.Databases.Interbase.tInterbaseOutput,647
Talend Data Fabric.Databases.Interbase.tInterbaseRollback,648
Talend Data Fabric.Databases.Interbase.tInterbaseRow,649
Talend Data Fabric.Databases.Java,
Talend Data Fabric.Databases.Java.tJavaDBInput,650
Talend Data Fabric.Databases.Java.tJavaDBOutput,651
Talend Data Fabric.Databases.Java.tJavaDBRow,652
Talend Data Fabric.Databases.JDBC,
Talend Data Fabric.Databases.JDBC.tJDBCClose,653
Talend Data Fabric.Databases.JDBC.tJDBCColumnList,654
Talend Data Fabric.Databases.JDBC.tJDBCCommit,655
Talend Data Fabric.Databases.JDBC.tJDBCConfiguration,656
Talend Data Fabric.Databases.JDBC.tJDBCConnection,657
Talend Data Fabric.Databases.JDBC.tJDBCInput,658
Talend Data Fabric.Databases.JDBC.tJDBCLookupInput,659
Talend Data Fabric.Databases.JDBC.tJDBCOutput,660
Talend Data Fabric.Databases.JDBC.tJDBCRollback,661
Talend Data Fabric.Databases.JDBC.tJDBCRow,662
Talend Data Fabric.Databases.JDBC.tJDBCSCDELT,663
Talend Data Fabric.Databases.JDBC.tJDBCSP,664
Talend Data Fabric.Databases.JDBC.tJDBCTableList,665
Talend Data Fabric.Databases.Kudu,
Talend Data Fabric.Databases.Kudu.tKuduConfiguration,666
Talend Data Fabric.Databases.Kudu.tKuduInput,667
Talend Data Fabric.Databases.Kudu.tKuduOutput,668
Talend Data Fabric.Databases.LDAP,
Talend Data Fabric.Databases.LDAP.tLDAPAttributesInput,669
Talend Data Fabric.Databases.LDAP.tLDAPClose,670
Talend Data Fabric.Databases.LDAP.tLDAPConnection,671
Talend Data Fabric.Databases.LDAP.tLDAPInput,672
Talend Data Fabric.Databases.LDAP.tLDAPOutput,673
Talend Data Fabric.Databases.LDAP.tLDAPRenameEntry,674
Talend Data Fabric.Databases.MapR,
Talend Data Fabric.Databases.MapR.tMapRDBConfiguration,675
Talend Data Fabric.Databases.MapR.tMapRDBInput,676
Talend Data Fabric.Databases.MapR.tMapRDBLookupInput,677
Talend Data Fabric.Databases.MapR.tMapRDBOutput,678
Talend Data Fabric.Databases.tMaxDBInput,679
Talend Data Fabric.Databases.tMaxDBOutput,680
Talend Data Fabric.Databases.tMaxDBRow,681
Talend Data Fabric.Databases.MongoDB,
Talend Data Fabric.Databases.MongoDB.tMongoDBConfiguration,682
Talend Data Fabric.Databases.MongoDB.tMongoDBInput,683
Talend Data Fabric.Databases.MongoDB.tMongoDBLookupInput,684
Talend Data Fabric.Databases.MongoDB.tMongoDBOutput,685
Talend Data Fabric.Databases.MSSql,
Talend Data Fabric.Databases.MSSql.tMSSqlBulkExec,686
Talend Data Fabric.Databases.MSSql.tMSSqlCDC,687
Talend Data Fabric.Databases.MSSql.tMSSqlClose,688
Talend Data Fabric.Databases.MSSql.tMSSqlColumnList,689
Talend Data Fabric.Databases.MSSql.tMSSqlCommit,690
Talend Data Fabric.Databases.MSSql.tMSSqlConnection,691
Talend Data Fabric.Databases.MSSql.tMSSqlInput,692
Talend Data Fabric.Databases.MSSql.tMSSqlLastInsertId,693
Talend Data Fabric.Databases.MSSql.tMSSqlOutput,694
Talend Data Fabric.Databases.MSSql.tMSSqlOutputBulk,695
Talend Data Fabric.Databases.MSSql.tMSSqlOutputBulkExec,696
Talend Data Fabric.Databases.MSSql.tMSSqlRollback,697
Talend Data Fabric.Databases.MSSql.tMSSqlRow,698
Talend Data Fabric.Databases.MSSql.tMSSqlSCD,699
Talend Data Fabric.Databases.MSSql.tMSSqlSP,700
Talend Data Fabric.Databases.MSSql.tMSSqlTableList,701
Talend Data Fabric.Databases.Mysql,
Talend Data Fabric.Databases.Mysql.tMysqlBulkExec,702
Talend Data Fabric.Databases.Mysql.tMysqlCDC,703
Talend Data Fabric.Databases.Mysql.tMysqlClose,704
Talend Data Fabric.Databases.Mysql.tMysqlColumnList,705
Talend Data Fabric.Databases.Mysql.tMysqlCommit,706
Talend Data Fabric.Databases.Mysql.tMysqlConfiguration,707
Talend Data Fabric.Databases.Mysql.tMysqlConnection,708
Talend Data Fabric.Databases.Mysql.tMysqlInput,709
Talend Data Fabric.Databases.tMySQLInvalidRows,710
Talend Data Fabric.Databases.Mysql.tMysqlLastInsertId,711
Talend Data Fabric.Databases.Mysql.tMysqlLookupInput,712
Talend Data Fabric.Databases.Mysql.tMysqlOutput,713
Talend Data Fabric.Databases.Mysql.tMysqlOutputBulk,714
Talend Data Fabric.Databases.Mysql.tMysqlOutputBulkExec,715
Talend Data Fabric.Databases.Mysql.tMysqlRollback,716
Talend Data Fabric.Databases.Mysql.tMysqlRow,717
Talend Data Fabric.Databases.Mysql.tMysqlSCD,718
Talend Data Fabric.Databases.Mysql.tMysqlSCDELT,719
Talend Data Fabric.Databases.Mysql.tMysqlSP,720
Talend Data Fabric.Databases.Mysql.tMysqlTableList,721
Talend Data Fabric.Databases.tMySQLValidRows,722
Talend Data Fabric.Databases.Netezza,
Talend Data Fabric.Databases.Netezza.tNetezzaBulkExec,723
Talend Data Fabric.Databases.Netezza.tNetezzaClose,724
Talend Data Fabric.Databases.Netezza.tNetezzaCommit,725
Talend Data Fabric.Databases.Netezza.tNetezzaConnection,726
Talend Data Fabric.Databases.Netezza.tNetezzaInput,727
Talend Data Fabric.Databases.Netezza.tNetezzaNzLoad,728
Talend Data Fabric.Databases.Netezza.tNetezzaOutput,729
Talend Data Fabric.Databases.Netezza.tNetezzaRollback,730
Talend Data Fabric.Databases.Netezza.tNetezzaRow,731
Talend Data Fabric.Databases.Netezza.tNetezzaSCD,732
Talend Data Fabric.Databases.Oracle,
Talend Data Fabric.Databases.Oracle.tOracleBulkExec,733
Talend Data Fabric.Databases.Oracle.tOracleCDC,734
Talend Data Fabric.Databases.Oracle.tOracleCDCOutput,735
Talend Data Fabric.Databases.Oracle.tOracleClose,736
Talend Data Fabric.Databases.Oracle.tOracleCommit,737
Talend Data Fabric.Databases.Oracle.tOracleConfiguration,738
Talend Data Fabric.Databases.Oracle.tOracleConnection,739
Talend Data Fabric.Databases.Oracle.tOracleInput,740
Talend Data Fabric.Databases.Oracle.tOracleInvalidRows,741
Talend Data Fabric.Databases.Oracle.tOracleLookupInput,742
Talend Data Fabric.Databases.Oracle.tOracleOutput,743
Talend Data Fabric.Databases.Oracle.tOracleOutputBulk,744
Talend Data Fabric.Databases.Oracle.tOracleOutputBulkExec,745
Talend Data Fabric.Databases.Oracle.tOracleRollback,746
Talend Data Fabric.Databases.Oracle.tOracleRow,747
Talend Data Fabric.Databases.Oracle.tOracleSCD,748
Talend Data Fabric.Databases.Oracle.tOracleSCDELT,749
Talend Data Fabric.Databases.Oracle.tOracleSP,750
Talend Data Fabric.Databases.Oracle.tOracleTableList,751
Talend Data Fabric.Databases.Oracle.tOracleValidRows,752
Talend Data Fabric.Databases.ParAccel,
Talend Data Fabric.Databases.ParAccel.tParAccelBulkExec,753
Talend Data Fabric.Databases.ParAccel.tParAccelClose,754
Talend Data Fabric.Databases.ParAccel.tParAccelCommit,755
Talend Data Fabric.Databases.ParAccel.tParAccelConnection,756
Talend Data Fabric.Databases.ParAccel.tParAccelInput,757
Talend Data Fabric.Databases.ParAccel.tParAccelOutput,758
Talend Data Fabric.Databases.ParAccel.tParAccelOutputBulk,759
Talend Data Fabric.Databases.ParAccel.tParAccelOutputBulkExec,760
Talend Data Fabric.Databases.ParAccel.tParAccelRollback,761
Talend Data Fabric.Databases.ParAccel.tParAccelRow,762
Talend Data Fabric.Databases.ParAccel.tParAccelSCD,763
Talend Data Fabric.Databases.tParseRecordSet,764
Talend Data Fabric.Databases.Postgres,
Talend Data Fabric.Databases.Postgres.tPostgresPlusBulkExec,765
Talend Data Fabric.Databases.Postgres.tPostgresPlusClose,766
Talend Data Fabric.Databases.Postgres.tPostgresPlusCommit,767
Talend Data Fabric.Databases.Postgres.tPostgresPlusConnection,768
Talend Data Fabric.Databases.Postgres.tPostgresPlusInput,769
Talend Data Fabric.Databases.Postgres.tPostgresPlusOutput,770
Talend Data Fabric.Databases.Postgres.tPostgresPlusOutputBulk,771
Talend Data Fabric.Databases.Postgres.tPostgresPlusOutputBulkExec,772
Talend Data Fabric.Databases.Postgres.tPostgresPlusRollback,773
Talend Data Fabric.Databases.Postgres.tPostgresPlusRow,774
Talend Data Fabric.Databases.Postgres.tPostgresPlusSCD,775
Talend Data Fabric.Databases.Postgres.tPostgresPlusSCDELT,776
Talend Data Fabric.Databases.Postgres.tPostgresqlBulkExec,777
Talend Data Fabric.Databases.Postgres.tPostgresqlCDC,778
Talend Data Fabric.Databases.Postgres.tPostgresqlClose,779
Talend Data Fabric.Databases.Postgres.tPostgresqlCommit,780
Talend Data Fabric.Databases.Postgres.tPostgresqlConnection,781
Talend Data Fabric.Databases.Postgres.tPostgresqlInput,782
Talend Data Fabric.Databases.Postgres.tPostgresqlInvalidRows,783
Talend Data Fabric.Databases.Postgres.tPostgresqlOutput,784
Talend Data Fabric.Databases.Postgres.tPostgresqlOutputBulk,785
Talend Data Fabric.Databases.Postgres.tPostgresqlOutputBulkExec,786
Talend Data Fabric.Databases.Postgres.tPostgresqlRollback,787
Talend Data Fabric.Databases.Postgres.tPostgresqlRow,788
Talend Data Fabric.Databases.Postgres.tPostgresqlSCD,789
Talend Data Fabric.Databases.Postgres.tPostgresqlSCDELT,790
Talend Data Fabric.Databases.Postgres.tPostgresqlValidRows,791
Talend Data Fabric.Databases.Redshift,
Talend Data Fabric.Databases.Redshift.tRedshiftBulkExec,792
Talend Data Fabric.Databases.Redshift.tRedshiftClose,793
Talend Data Fabric.Databases.Redshift.tRedshiftCommit,794
Talend Data Fabric.Databases.Redshift.tRedshiftConfiguration,795
Talend Data Fabric.Databases.Redshift.tRedshiftConnection,796
Talend Data Fabric.Databases.Redshift.tRedshiftInput,797
Talend Data Fabric.Databases.Redshift.tRedshiftLookupInput,798
Talend Data Fabric.Databases.Redshift.tRedshiftOutput,799
Talend Data Fabric.Databases.Redshift.tRedshiftOutputBulk,800
Talend Data Fabric.Databases.Redshift.tRedshiftOutputBulkExec,801
Talend Data Fabric.Databases.Redshift.tRedshiftRollback,802
Talend Data Fabric.Databases.Redshift.tRedshiftRow,803
Talend Data Fabric.Databases.Redshift.tRedshiftUnload,804
Talend Data Fabric.Databases.SAP,
Talend Data Fabric.Databases.SAP.tSAPHanaClose,805
Talend Data Fabric.Databases.SAP.tSAPHanaCommit,806
Talend Data Fabric.Databases.SAP.tSAPHanaConnection,807
Talend Data Fabric.Databases.SAP.tSAPHanaInput,808
Talend Data Fabric.Databases.SAP.tSAPHanaOutput,809
Talend Data Fabric.Databases.SAP.tSAPHanaRollback,810
Talend Data Fabric.Databases.SAP.tSAPHanaRow,811
Talend Data Fabric.Databases.SAP.tSAPHanaUnload,812
Talend Data Fabric.Databases.Snowflake,
Talend Data Fabric.Databases.Snowflake.tSnowflakeConfiguration,813
Talend Data Fabric.Databases.Snowflake.tSnowflakeInput,814
Talend Data Fabric.Databases.Snowflake.tSnowflakeOutput,815
Talend Data Fabric.Databases.SQLDWH,
Talend Data Fabric.Databases.SQLDWH.tSQLDWHBulkExec,816
Talend Data Fabric.Databases.SQLDWH.tSQLDWHClose,817
Talend Data Fabric.Databases.SQLDWH.tSQLDWHCommit,818
Talend Data Fabric.Databases.SQLDWH.tSQLDWHConnection,819
Talend Data Fabric.Databases.SQLDWH.tSQLDWHInput,820
Talend Data Fabric.Databases.SQLDWH.tSQLDWHOutput,821
Talend Data Fabric.Databases.SQLDWH.tSQLDWHRollback,822
Talend Data Fabric.Databases.SQLDWH.tSQLDWHRow,823
Talend Data Fabric.Databases.SQLite,
Talend Data Fabric.Databases.SQLite.tSQLiteClose,824
Talend Data Fabric.Databases.SQLite.tSQLiteCommit,825
Talend Data Fabric.Databases.SQLite.tSQLiteConnection,826
Talend Data Fabric.Databases.SQLite.tSQLiteInput,827
Talend Data Fabric.Databases.SQLite.tSQLiteOutput,828
Talend Data Fabric.Databases.SQLite.tSQLiteRollback,829
Talend Data Fabric.Databases.SQLite.tSQLiteRow,830
Talend Data Fabric.Databases.Sybase,
Talend Data Fabric.Databases.Sybase.tSybaseBulkExec,831
Talend Data Fabric.Databases.Sybase.tSybaseCDC,832
Talend Data Fabric.Databases.Sybase.tSybaseClose,833
Talend Data Fabric.Databases.Sybase.tSybaseCommit,834
Talend Data Fabric.Databases.Sybase.tSybaseConnection,835
Talend Data Fabric.Databases.Sybase.tSybaseInput,836
Talend Data Fabric.Databases.Sybase.tSybaseIQBulkExec,837
Talend Data Fabric.Databases.Sybase.tSybaseIQOutputBulkExec,838
Talend Data Fabric.Databases.Sybase.tSybaseOutput,839
Talend Data Fabric.Databases.Sybase.tSybaseOutputBulk,840
Talend Data Fabric.Databases.Sybase.tSybaseOutputBulkExec,841
Talend Data Fabric.Databases.Sybase.tSybaseRollback,842
Talend Data Fabric.Databases.Sybase.tSybaseRow,843
Talend Data Fabric.Databases.Sybase.tSybaseSCD,844
Talend Data Fabric.Databases.Sybase.tSybaseSCDELT,845
Talend Data Fabric.Databases.Sybase.tSybaseSP,846
Talend Data Fabric.Databases.Teradata,
Talend Data Fabric.Databases.Teradata.tTeradataCDC,847
Talend Data Fabric.Databases.Teradata.tTeradataClose,848
Talend Data Fabric.Databases.Teradata.tTeradataCommit,849
Talend Data Fabric.Databases.Teradata.tTeradataConfiguration,850
Talend Data Fabric.Databases.Teradata.tTeradataConnection,851
Talend Data Fabric.Databases.Teradata.tTeradataFastExport,852
Talend Data Fabric.Databases.Teradata.tTeradataFastLoad,853
Talend Data Fabric.Databases.Teradata.tTeradataFastLoadUtility,854
Talend Data Fabric.Databases.Teradata.tTeradataInput,855
Talend Data Fabric.Databases.Teradata.tTeradataLookupInput,856
Talend Data Fabric.Databases.Teradata.tTeradataMultiLoad,857
Talend Data Fabric.Databases.Teradata.tTeradataOutput,858
Talend Data Fabric.Databases.Teradata.tTeradataRollback,859
Talend Data Fabric.Databases.Teradata.tTeradataRow,860
Talend Data Fabric.Databases.Teradata.tTeradataSCD,861
Talend Data Fabric.Databases.Teradata.tTeradataSCDELT,862
Talend Data Fabric.Databases.Teradata.tTeradataTPTExec,863
Talend Data Fabric.Databases.Teradata.tTeradataTPTUtility,864
Talend Data Fabric.Databases.Teradata.tTeradataTPump,865
Talend Data Fabric.Databases.VectorWise,
Talend Data Fabric.Databases.VectorWise.tVectorWiseCommit,866
Talend Data Fabric.Databases.VectorWise.tVectorWiseConnection,867
Talend Data Fabric.Databases.VectorWise.tVectorWiseInput,868
Talend Data Fabric.Databases.VectorWise.tVectorWiseOutput,869
Talend Data Fabric.Databases.VectorWise.tVectorWiseRollback,870
Talend Data Fabric.Databases.VectorWise.tVectorWiseRow,871
Talend Data Fabric.Databases.Vertica,
Talend Data Fabric.Databases.Vertica.tVerticaBulkExec,872
Talend Data Fabric.Databases.Vertica.tVerticaClose,873
Talend Data Fabric.Databases.Vertica.tVerticaCommit,874
Talend Data Fabric.Databases.Vertica.tVerticaConnection,875
Talend Data Fabric.Databases.Vertica.tVerticaInput,876
Talend Data Fabric.Databases.Vertica.tVerticaOutput,877
Talend Data Fabric.Databases.Vertica.tVerticaOutputBulk,878
Talend Data Fabric.Databases.Vertica.tVerticaOutputBulkExec,879
Talend Data Fabric.Databases.Vertica.tVerticaRollback,880
Talend Data Fabric.Databases.Vertica.tVerticaRow,881
Talend Data Fabric.Databases.Vertica.tVerticaSCD,882
Talend Data Fabric.Databases NoSQL,
Talend Data Fabric.Databases NoSQL.Cassandra,
Talend Data Fabric.Databases NoSQL.Cassandra.tCassandraBulkExec,884
Talend Data Fabric.Databases NoSQL.Cassandra.tCassandraClose,885
Talend Data Fabric.Databases NoSQL.Cassandra.tCassandraConnection,886
Talend Data Fabric.Databases NoSQL.Cassandra.tCassandraInput,887
Talend Data Fabric.Databases NoSQL.Cassandra.tCassandraOutput,888
Talend Data Fabric.Databases NoSQL.Cassandra.tCassandraOutputBulk,889
Talend Data Fabric.Databases NoSQL.Cassandra.tCassandraOutputBulkExec,890
Talend Data Fabric.Databases NoSQL.Cassandra.tCassandraRow,891
Talend Data Fabric.Databases NoSQL.Couchbase,
Talend Data Fabric.Databases NoSQL.Couchbase.tCouchbaseDCPInput,892
Talend Data Fabric.Databases NoSQL.Couchbase.tCouchbaseDCPOutput,893
Talend Data Fabric.Databases NoSQL.Couchbase.tCouchbaseInput,894
Talend Data Fabric.Databases NoSQL.Couchbase.tCouchbaseOutput,895
Talend Data Fabric.Databases NoSQL.DynamoDB,
Talend Data Fabric.Databases NoSQL.DynamoDB.tDynamoDBInput,896
Talend Data Fabric.Databases NoSQL.DynamoDB.tDynamoDBOutput,897
Talend Data Fabric.Databases NoSQL.HBase,
Talend Data Fabric.Databases NoSQL.HBase.tHBaseClose,898
Talend Data Fabric.Databases NoSQL.HBase.tHBaseConnection,899
Talend Data Fabric.Databases NoSQL.HBase.tHBaseInput,900
Talend Data Fabric.Databases NoSQL.HBase.tHBaseOutput,901
Talend Data Fabric.Databases NoSQL.MapR,
Talend Data Fabric.Databases NoSQL.MapR.tMapRDBClose,902
Talend Data Fabric.Databases NoSQL.MapR.tMapRDBConnection,903
Talend Data Fabric.Databases NoSQL.MapR.tMapRDBInput,904
Talend Data Fabric.Databases NoSQL.MapR.tMapRDBOutput,905
Talend Data Fabric.Databases NoSQL.MapR.tMapROjaiInput,906
Talend Data Fabric.Databases NoSQL.MapR.tMapROjaiOutput,907
Talend Data Fabric.Databases NoSQL.MarkLogic,
Talend Data Fabric.Databases NoSQL.MarkLogic.tMarkLogicBulkLoad,908
Talend Data Fabric.Databases NoSQL.MarkLogic.tMarkLogicClose,909
Talend Data Fabric.Databases NoSQL.MarkLogic.tMarkLogicConnection,910
Talend Data Fabric.Databases NoSQL.MarkLogic.tMarkLogicInput,911
Talend Data Fabric.Databases NoSQL.MarkLogic.tMarkLogicOutput,912
Talend Data Fabric.Databases NoSQL.MongoDB,
Talend Data Fabric.Databases NoSQL.MongoDB.tMongoDBBulkLoad,913
Talend Data Fabric.Databases NoSQL.MongoDB.tMongoDBClose,914
Talend Data Fabric.Databases NoSQL.MongoDB.tMongoDBConfiguration,915
Talend Data Fabric.Databases NoSQL.MongoDB.tMongoDBConnection,916
Talend Data Fabric.Databases NoSQL.MongoDB.tMongoDBGridFSDelete,917
Talend Data Fabric.Databases NoSQL.MongoDB.tMongoDBGridFSGet,918
Talend Data Fabric.Databases NoSQL.MongoDB.tMongoDBGridFSList,919
Talend Data Fabric.Databases NoSQL.MongoDB.tMongoDBGridFSProperties,920
Talend Data Fabric.Databases NoSQL.MongoDB.tMongoDBGridFSPut,921
Talend Data Fabric.Databases NoSQL.MongoDB.tMongoDBInput,922
Talend Data Fabric.Databases NoSQL.MongoDB.tMongoDBOutput,923
Talend Data Fabric.Databases NoSQL.MongoDB.tMongoDBRow,924
Talend Data Fabric.Databases NoSQL.Neo4j,
Talend Data Fabric.Databases NoSQL.Neo4j.tNeo4jBatchOutput,925
Talend Data Fabric.Databases NoSQL.Neo4j.tNeo4jBatchOutputRelationship,926
Talend Data Fabric.Databases NoSQL.Neo4j.tNeo4jBatchSchema,927
Talend Data Fabric.Databases NoSQL.Neo4j.tNeo4jClose,928
Talend Data Fabric.Databases NoSQL.Neo4j.tNeo4jConnection,929
Talend Data Fabric.Databases NoSQL.Neo4j.tNeo4jImportTool,930
Talend Data Fabric.Databases NoSQL.Neo4j.tNeo4jInput,931
Talend Data Fabric.Databases NoSQL.Neo4j.tNeo4jOutput,932
Talend Data Fabric.Databases NoSQL.Neo4j.tNeo4jOutputRelationship,933
Talend Data Fabric.Databases NoSQL.Neo4j.tNeo4jRow,934
Talend Data Fabric.Databases NoSQL.Riak,
Talend Data Fabric.Databases NoSQL.Riak.tRiakBucketList,935
Talend Data Fabric.Databases NoSQL.Riak.tRiakClose,936
Talend Data Fabric.Databases NoSQL.Riak.tRiakConnection,937
Talend Data Fabric.Databases NoSQL.Riak.tRiakInput,938
Talend Data Fabric.Databases NoSQL.Riak.tRiakKeyList,939
Talend Data Fabric.Databases NoSQL.Riak.tRiakOutput,940
Talend Data Fabric.DotNET,
Talend Data Fabric.DotNET.tDotNETInstantiate,942
Talend Data Fabric.DotNET.tDotNETRow,943
Talend Data Fabric.ElasticSearch,
Talend Data Fabric.ElasticSearch.tElasticSearchConfiguration,945
Talend Data Fabric.ElasticSearch.tElasticSearchInput,946
Talend Data Fabric.ElasticSearch.tElasticSearchLookupInput,947
Talend Data Fabric.ElasticSearch.tElasticSearchOutput,948
Talend Data Fabric.ELT,
Talend Data Fabric.ELT.Access,
Talend Data Fabric.ELT.Access.tAccessConnection,950
Talend Data Fabric.ELT.AS400,
Talend Data Fabric.ELT.AS400.tAS400Connection,951
Talend Data Fabric.ELT.tCombinedSQLAggregate,952
Talend Data Fabric.ELT.tCombinedSQLFilter,953
Talend Data Fabric.ELT.tCombinedSQLInput,954
Talend Data Fabric.ELT.tCombinedSQLOutput,955
Talend Data Fabric.ELT.DB2,
Talend Data Fabric.ELT.DB2.tDB2Connection,956
Talend Data Fabric.ELT.Greenplum,
Talend Data Fabric.ELT.Greenplum.tELTGreenplumInput,957
Talend Data Fabric.ELT.Greenplum.tELTGreenplumMap,958
Talend Data Fabric.ELT.Greenplum.tELTGreenplumOutput,959
Talend Data Fabric.ELT.Hive,
Talend Data Fabric.ELT.Hive.tELTHiveInput,960
Talend Data Fabric.ELT.Hive.tELTHiveMap,961
Talend Data Fabric.ELT.Hive.tELTHiveOutput,962
Talend Data Fabric.ELT.tELTInput,963
Talend Data Fabric.ELT.tELTMap,964
Talend Data Fabric.ELT.MSSql,
Talend Data Fabric.ELT.MSSql.tELTMSSqlInput,965
Talend Data Fabric.ELT.MSSql.tELTMSSqlMap,966
Talend Data Fabric.ELT.MSSql.tELTMSSqlOutput,967
Talend Data Fabric.ELT.Mysql,
Talend Data Fabric.ELT.Mysql.tELTMysqlInput,968
Talend Data Fabric.ELT.Mysql.tELTMysqlMap,969
Talend Data Fabric.ELT.Mysql.tELTMysqlOutput,970
Talend Data Fabric.ELT.Netezza,
Talend Data Fabric.ELT.Netezza.tELTNetezzaInput,971
Talend Data Fabric.ELT.Netezza.tELTNetezzaMap,972
Talend Data Fabric.ELT.Netezza.tELTNetezzaOutput,973
Talend Data Fabric.ELT.Oracle,
Talend Data Fabric.ELT.Oracle.tELTOracleInput,974
Talend Data Fabric.ELT.Oracle.tELTOracleMap,975
Talend Data Fabric.ELT.Oracle.tELTOracleOutput,976
Talend Data Fabric.ELT.tELTOutput,977
Talend Data Fabric.ELT.Postgres,
Talend Data Fabric.ELT.Postgres.tELTPostgresqlInput,978
Talend Data Fabric.ELT.Postgres.tELTPostgresqlMap,979
Talend Data Fabric.ELT.Postgres.tELTPostgresqlOutput,980
Talend Data Fabric.ELT.SAP,
Talend Data Fabric.ELT.SAP.tELTSAPInput,981
Talend Data Fabric.ELT.SAP.tELTSAPMap,982
Talend Data Fabric.ELT.Sybase,
Talend Data Fabric.ELT.Sybase.tELTSybaseInput,983
Talend Data Fabric.ELT.Sybase.tELTSybaseMap,984
Talend Data Fabric.ELT.Sybase.tELTSybaseOutput,985
Talend Data Fabric.ELT.Teradata,
Talend Data Fabric.ELT.Teradata.tELTTeradataInput,986
Talend Data Fabric.ELT.Teradata.tELTTeradataMap,987
Talend Data Fabric.ELT.Teradata.tELTTeradataOutput,988
Talend Data Fabric.ELT.Vertica,
Talend Data Fabric.ELT.Vertica.tELTVerticaInput,989
Talend Data Fabric.ELT.Vertica.tELTVerticaMap,990
Talend Data Fabric.ELT.Vertica.tELTVerticaOutput,991
Talend Data Fabric.ELT.EXA,
Talend Data Fabric.ELT.EXA.tEXAConnection,992
Talend Data Fabric.ELT.Firebird,
Talend Data Fabric.ELT.Firebird.tFirebirdConnection,993
Talend Data Fabric.ELT.Greenplum.tGreenplumConnection,994
Talend Data Fabric.ELT.Hive.tHiveConnection,995
Talend Data Fabric.ELT.Ingres,
Talend Data Fabric.ELT.Ingres.tIngresConnection,996
Talend Data Fabric.ELT.Interbase,
Talend Data Fabric.ELT.Interbase.tInterbaseConnection,997
Talend Data Fabric.ELT.JDBC,
Talend Data Fabric.ELT.JDBC.tJDBCConnection,998
Talend Data Fabric.ELT.MSSql.tMSSqlConnection,999
Talend Data Fabric.ELT.Mysql.tMysqlConnection,1000
Talend Data Fabric.ELT.Netezza.tNetezzaConnection,1001
Talend Data Fabric.ELT.Oracle.tOracleConnection,1002
Talend Data Fabric.ELT.ParAccel,
Talend Data Fabric.ELT.ParAccel.tParAccelConnection,1003
Talend Data Fabric.ELT.Postgres.tPostgresPlusConnection,1004
Talend Data Fabric.ELT.Postgres.tPostgresqlConnection,1005
Talend Data Fabric.ELT.SAP.tSAPHanaConnection,1006
Talend Data Fabric.ELT.SQLite,
Talend Data Fabric.ELT.SQLite.tSQLiteConnection,1007
Talend Data Fabric.ELT.tSQLTemplate,1008
Talend Data Fabric.ELT.tSQLTemplateAggregate,1009
Talend Data Fabric.ELT.tSQLTemplateCommit,1010
Talend Data Fabric.ELT.tSQLTemplateFilterColumns,1011
Talend Data Fabric.ELT.tSQLTemplateFilterRows,1012
Talend Data Fabric.ELT.tSQLTemplateMerge,1013
Talend Data Fabric.ELT.tSQLTemplateRollback,1014
Talend Data Fabric.ELT.Sybase.tSybaseConnection,1015
Talend Data Fabric.ELT.Teradata.tTeradataConnection,1016
Talend Data Fabric.ELT.VectorWise,
Talend Data Fabric.ELT.VectorWise.tVectorWiseConnection,1017
Talend Data Fabric.ESB,
Talend Data Fabric.ESB.tESBConsumer,1019
Talend Data Fabric.ESB.tESBProviderFault,1020
Talend Data Fabric.ESB.tESBProviderRequest,1021
Talend Data Fabric.ESB.tESBProviderResponse,1022
Talend Data Fabric.ESB.tRESTClient,1023
Talend Data Fabric.ESB.tRESTRequest,1024
Talend Data Fabric.ESB.tRESTResponse,1025
Talend Data Fabric.ESB.tRouteFault,1026
Talend Data Fabric.ESB.tRouteInput,1027
Talend Data Fabric.ESB.tRouteOutput,1028
Talend Data Fabric.Exception Handling,
Talend Data Fabric.Exception Handling.cErrorHandler,1030
Talend Data Fabric.Exception Handling.cIntercept,1031
Talend Data Fabric.Exception Handling.cOnException,1032
Talend Data Fabric.Exception Handling.cTry,1033
Talend Data Fabric.File,
Talend Data Fabric.File.FileOutput,
Talend Data Fabric.File.FileOutput.tAdvancedFileOutputXML,1035
Talend Data Fabric.File.tApacheLogInput,1036
Talend Data Fabric.File.tAvroInput,1037
Talend Data Fabric.File.tAvroOutput,1038
Talend Data Fabric.File.tAvroStreamInput,1039
Talend Data Fabric.File.tChangeFileEncoding,1040
Talend Data Fabric.File.tCreateTemporaryFile,1041
Talend Data Fabric.File.tDBFSConnection,1042
Talend Data Fabric.File.tDBFSGet,1043
Talend Data Fabric.File.tDBFSPut,1044
Talend Data Fabric.File.tFileArchive,1045
Talend Data Fabric.File.tFileCompare,1046
Talend Data Fabric.File.tFileCopy,1047
Talend Data Fabric.File.tFileDelete,1048
Talend Data Fabric.File.tFileExist,1049
Talend Data Fabric.File.FileInput,
Talend Data Fabric.File.FileInput.tFileInputARFF,1050
Talend Data Fabric.File.FileInput.tFileInputDelimited,1051
Talend Data Fabric.File.FileInput.tFileInputExcel,1052
Talend Data Fabric.File.FileInput.tFileInputFullRow,1053
Talend Data Fabric.File.FileInput.tFileInputJSON,1054
Talend Data Fabric.File.FileInput.tFileInputLDIF,1055
Talend Data Fabric.File.FileInput.tFileInputMail,1056
Talend Data Fabric.File.FileInput.tFileInputMSDelimited,1057
Talend Data Fabric.File.FileInput.tFileInputMSPositional,1058
Talend Data Fabric.File.FileInput.tFileInputMSXML,1059
Talend Data Fabric.File.FileInput.tFileInputParquet,1060
Talend Data Fabric.File.FileInput.tFileInputPositional,1061
Talend Data Fabric.File.FileInput.tFileInputProperties,1062
Talend Data Fabric.File.FileInput.tFileInputRaw,1063
Talend Data Fabric.File.FileInput.tFileInputRegex,1064
Talend Data Fabric.File.FileInput.tFileInputXML,1065
Talend Data Fabric.File.tFileList,1066
Talend Data Fabric.File.FileOutput.tFileOutputARFF,1067
Talend Data Fabric.File.FileOutput.tFileOutputDelimited,1068
Talend Data Fabric.File.FileOutput.tFileOutputExcel,1069
Talend Data Fabric.File.FileOutput.tFileOutputJSON,1070
Talend Data Fabric.File.FileOutput.tFileOutputLDIF,1071
Talend Data Fabric.File.FileOutput.tFileOutputMSDelimited,1072
Talend Data Fabric.File.FileOutput.tFileOutputMSPositional,1073
Talend Data Fabric.File.FileOutput.tFileOutputMSXML,1074
Talend Data Fabric.File.FileOutput.tFileOutputParquet,1075
Talend Data Fabric.File.FileOutput.tFileOutputPositional,1076
Talend Data Fabric.File.FileOutput.tFileOutputProperties,1077
Talend Data Fabric.File.FileOutput.tFileOutputRaw,1078
Talend Data Fabric.File.FileOutput.tFileOutputXML,1079
Talend Data Fabric.File.tFileProperties,1080
Talend Data Fabric.File.tFileRowCount,1081
Talend Data Fabric.File.FileStream,
Talend Data Fabric.File.FileStream.tFileStreamInputDelimited,1082
Talend Data Fabric.File.FileStream.tFileStreamInputFullRow,1083
Talend Data Fabric.File.FileStream.tFileStreamInputJSON,1084
Talend Data Fabric.File.FileStream.tFileStreamInputParquet,1085
Talend Data Fabric.File.FileStream.tFileStreamInputPositional,1086
Talend Data Fabric.File.FileStream.tFileStreamInputRegex,1087
Talend Data Fabric.File.FileStream.tFileStreamInputXML,1088
Talend Data Fabric.File.tFileTouch,1089
Talend Data Fabric.File.tFileUnarchive,1090
Talend Data Fabric.File.tGPGDecrypt,1091
Talend Data Fabric.File.HDFS,
Talend Data Fabric.File.HDFS.tHDFSCompare,1092
Talend Data Fabric.File.HDFS.tHDFSConnection,1093
Talend Data Fabric.File.HDFS.tHDFSCopy,1094
Talend Data Fabric.File.HDFS.tHDFSDelete,1095
Talend Data Fabric.File.HDFS.tHDFSExist,1096
Talend Data Fabric.File.HDFS.tHDFSGet,1097
Talend Data Fabric.File.HDFS.tHDFSInput,1098
Talend Data Fabric.File.HDFS.tHDFSList,1099
Talend Data Fabric.File.HDFS.tHDFSOutput,1100
Talend Data Fabric.File.HDFS.tHDFSProperties,1101
Talend Data Fabric.File.HDFS.tHDFSPut,1102
Talend Data Fabric.File.HDFS.tHDFSRename,1103
Talend Data Fabric.File.HDFS.tHDFSRowCount,1104
Talend Data Fabric.File.tNamedPipeClose,1105
Talend Data Fabric.File.tNamedPipeOpen,1106
Talend Data Fabric.File.tNamedPipeOutput,1107
Talend Data Fabric.File.tPivotToColumnsDelimited,1108
Talend Data Fabric.File.Sqoop,
Talend Data Fabric.File.Sqoop.tSqoopExport,1109
Talend Data Fabric.File.Sqoop.tSqoopImport,1110
Talend Data Fabric.File.Sqoop.tSqoopImportAllTables,1111
Talend Data Fabric.File.Sqoop.tSqoopMerge,1112
Talend Data Fabric.Internet,
Talend Data Fabric.Internet.tFileFetch,1114
Talend Data Fabric.Internet.FileInput,
Talend Data Fabric.Internet.FileInput.tFileInputJSON,1115
Talend Data Fabric.Internet.tFTPClose,1116
Talend Data Fabric.Internet.tFTPConnection,1117
Talend Data Fabric.Internet.tFTPDelete,1118
Talend Data Fabric.Internet.tFTPFileExist,1119
Talend Data Fabric.Internet.tFTPFileList,1120
Talend Data Fabric.Internet.tFTPFileProperties,1121
Talend Data Fabric.Internet.tFTPGet,1122
Talend Data Fabric.Internet.tFTPPut,1123
Talend Data Fabric.Internet.tFTPRename,1124
Talend Data Fabric.Internet.tFTPTruncate,1125
Talend Data Fabric.Internet.tHttpRequest,1126
Talend Data Fabric.Internet.JBoss,
Talend Data Fabric.Internet.JBoss.tJBossESBInput,1127
Talend Data Fabric.Internet.JBoss.tJBossESBOutput,1128
Talend Data Fabric.Internet.tJMSInput,1129
Talend Data Fabric.Internet.tJMSOutput,1130
Talend Data Fabric.Internet.Kafka,
Talend Data Fabric.Internet.Kafka.tKafkaCommit,1131
Talend Data Fabric.Internet.Kafka.tKafkaConnection,1132
Talend Data Fabric.Internet.Kafka.tKafkaCreateTopic,1133
Talend Data Fabric.Internet.Kafka.tKafkaInput,1134
Talend Data Fabric.Internet.Kafka.tKafkaOutput,1135
Talend Data Fabric.Internet.MapR,
Talend Data Fabric.Internet.MapR.tMapRStreamsCommit,1136
Talend Data Fabric.Internet.MapR.tMapRStreamsCreateStream,1137
Talend Data Fabric.Internet.MapR.tMapRStreamsInput,1138
Talend Data Fabric.Internet.MapR.tMapRStreamsOutput,1139
Talend Data Fabric.Internet.Microsoft,
Talend Data Fabric.Internet.Microsoft.tMicrosoftMQInput,1140
Talend Data Fabric.Internet.Microsoft.tMicrosoftMQOutput,1141
Talend Data Fabric.Internet.tMomCommit,1142
Talend Data Fabric.Internet.tMomConnection,1143
Talend Data Fabric.Internet.tMomInput,1144
Talend Data Fabric.Internet.tMomMessageIdList,1145
Talend Data Fabric.Internet.tMomOutput,1146
Talend Data Fabric.Internet.tMomRollback,1147
Talend Data Fabric.Internet.tPetalsInput,1148
Talend Data Fabric.Internet.tPetalsOutput,1149
Talend Data Fabric.Internet.tPOP,1150
Talend Data Fabric.Internet.tREST,1151
Talend Data Fabric.Internet.tRSSInput,1152
Talend Data Fabric.Internet.tRSSOutput,1153
Talend Data Fabric.Internet.tSCPClose,1154
Talend Data Fabric.Internet.tSCPConnection,1155
Talend Data Fabric.Internet.tSCPDelete,1156
Talend Data Fabric.Internet.tSCPFileExists,1157
Talend Data Fabric.Internet.tSCPFileList,1158
Talend Data Fabric.Internet.tSCPGet,1159
Talend Data Fabric.Internet.tSCPPut,1160
Talend Data Fabric.Internet.tSCPRename,1161
Talend Data Fabric.Internet.tSCPTruncate,1162
Talend Data Fabric.Internet.tSendMail,1163
Talend Data Fabric.Internet.tSetKerberosConfiguration,1164
Talend Data Fabric.Internet.tSetKeystore,1165
Talend Data Fabric.Internet.tSetProxy,1166
Talend Data Fabric.Internet.tSOAP,1167
Talend Data Fabric.Internet.tSocketInput,1168
Talend Data Fabric.Internet.tSocketOutput,1169
Talend Data Fabric.Internet.tSocketTextStreamInput,1170
Talend Data Fabric.Internet.tSVNLogInput,1171
Talend Data Fabric.Internet.tWebService,1172
Talend Data Fabric.Internet.tWebServiceInput,1173
Talend Data Fabric.Internet.tXMLRPCInput,1174
Talend Data Fabric.Logs & Errors,
Talend Data Fabric.Logs & Errors.tAssert,1176
Talend Data Fabric.Logs & Errors.tAssertCatcher,1177
Talend Data Fabric.Logs & Errors.tChronometerStart,1178
Talend Data Fabric.Logs & Errors.tChronometerStop,1179
Talend Data Fabric.Logs & Errors.tDie,1180
Talend Data Fabric.Logs & Errors.tFlowMeter,1181
Talend Data Fabric.Logs & Errors.tFlowMeterCatcher,1182
Talend Data Fabric.Logs & Errors.tLogCatcher,1183
Talend Data Fabric.Logs & Errors.tLogRow,1184
Talend Data Fabric.Logs & Errors.tStatCatcher,1185
Talend Data Fabric.Logs & Errors.tWarn,1186
Talend Data Fabric.Machine Learning,
Talend Data Fabric.Machine Learning.tALSModel,1188
Talend Data Fabric.Machine Learning.tClassify,1189
Talend Data Fabric.Machine Learning.tClassifySVM,1190
Talend Data Fabric.Machine Learning.tDecisionTreeModel,1191
Talend Data Fabric.Machine Learning.tGradientBoostedTreeModel,1192
Talend Data Fabric.Machine Learning.tKMeansModel,1193
Talend Data Fabric.Machine Learning.tKMeansStrModel,1194
Talend Data Fabric.Machine Learning.tLinearRegressionModel,1195
Talend Data Fabric.Machine Learning.tLogisticRegressionModel,1196
Talend Data Fabric.Machine Learning.tModelEncoder,1197
Talend Data Fabric.Machine Learning.tNaiveBayesModel,1198
Talend Data Fabric.Machine Learning.tPredict,1199
Talend Data Fabric.Machine Learning.tPredictCluster,1200
Talend Data Fabric.Machine Learning.tRandomForestModel,1201
Talend Data Fabric.Machine Learning.tRecommend,1202
Talend Data Fabric.Machine Learning.tSVMModel,1203
Talend Data Fabric.MapReduce,
Talend Data Fabric.MapReduce.tAvroInput,1205
Talend Data Fabric.MapReduce.tAvroOutput,1206
Talend Data Fabric.MapReduce.FileInput,
Talend Data Fabric.MapReduce.FileInput.tFileInputDelimited,1207
Talend Data Fabric.MapReduce.FileInput.tFileInputFullRow,1208
Talend Data Fabric.MapReduce.FileInput.tFileInputJSON,1209
Talend Data Fabric.MapReduce.FileInput.tFileInputParquet,1210
Talend Data Fabric.MapReduce.FileInput.tFileInputPositional,1211
Talend Data Fabric.MapReduce.FileInput.tFileInputXML,1212
Talend Data Fabric.MapReduce.FileOutput,
Talend Data Fabric.MapReduce.FileOutput.tFileOutputDelimited,1213
Talend Data Fabric.MapReduce.FileOutput.tFileOutputJSON,1214
Talend Data Fabric.MapReduce.FileOutput.tFileOutputParquet,1215
Talend Data Fabric.MapReduce.FileOutput.tFileOutputPositional,1216
Talend Data Fabric.MapReduce.FileOutput.tFileOutputXML,1217
Talend Data Fabric.MapReduce.tGlobalVarLoad,1218
Talend Data Fabric.MapReduce.HBase,
Talend Data Fabric.MapReduce.HBase.tHBaseInput,1219
Talend Data Fabric.MapReduce.HBase.tHBaseOutput,1220
Talend Data Fabric.MapReduce.HDFS,
Talend Data Fabric.MapReduce.HDFS.tHDFSInput,1221
Talend Data Fabric.MapReduce.HDFS.tHDFSOutput,1222
Talend Data Fabric.MapReduce.JDBC,
Talend Data Fabric.MapReduce.JDBC.tJDBCInput,1223
Talend Data Fabric.MapReduce.JDBC.tJDBCOutput,1224
Talend Data Fabric.MapReduce.tMahoutClustering,1225
Talend Data Fabric.MapReduce.MapR,
Talend Data Fabric.MapReduce.MapR.tMapRDBInput,1226
Talend Data Fabric.MapReduce.MapR.tMapRDBOutput,1227
Talend Data Fabric.MapReduce.S3,
Talend Data Fabric.MapReduce.S3.tS3Input,1228
Talend Data Fabric.MapReduce.S3.tS3Output,1229
Talend Data Fabric.Messaging,
Talend Data Fabric.Messaging.tFlumeInput,1231
Talend Data Fabric.Messaging.tFlumeOutput,1232
Talend Data Fabric.Messaging.tJMSInput,1233
Talend Data Fabric.Messaging.tJMSOutput,1234
Talend Data Fabric.Messaging.Kafka,
Talend Data Fabric.Messaging.Kafka.tKafkaInput,1235
Talend Data Fabric.Messaging.Kafka.tKafkaInputAvro,1236
Talend Data Fabric.Messaging.Kafka.tKafkaOutput,1237
Talend Data Fabric.Messaging.tKinesisInput,1238
Talend Data Fabric.Messaging.tKinesisInputAvro,1239
Talend Data Fabric.Messaging.tKinesisOutput,1240
Talend Data Fabric.Messaging.MapR,
Talend Data Fabric.Messaging.MapR.tMapRStreamsInput,1241
Talend Data Fabric.Messaging.MapR.tMapRStreamsInputAvro,1242
Talend Data Fabric.Messaging.MapR.tMapRStreamsOutput,1243
Talend Data Fabric.Messaging.tMQTTInput,1244
Talend Data Fabric.Messaging.tMQTTOutput,1245
Talend Data Fabric.Messaging.tPubSubInput,1246
Talend Data Fabric.Messaging.tPubSubInputAvro,1247
Talend Data Fabric.Messaging.tPubSubOutput,1248
Talend Data Fabric.Misc,
Talend Data Fabric.Misc.tAddLocationFromIP,1250
Talend Data Fabric.Misc.tBufferInput,1251
Talend Data Fabric.Misc.tBufferOutput,1252
Talend Data Fabric.Misc.tContextDump,1253
Talend Data Fabric.Misc.tContextLoad,1254
Talend Data Fabric.Misc.tFixedFlowInput,1255
Talend Data Fabric.Misc.tLogRow,1256
Talend Data Fabric.Misc.tMemorizeRows,1257
Talend Data Fabric.Misc.Box,
Talend Data Fabric.Misc.Box.tMsgBox,1258
Talend Data Fabric.Misc.tRowGenerator,1259
Talend Data Fabric.Misc.tServerAlive,1260
Talend Data Fabric.Miscellaneous,
Talend Data Fabric.Miscellaneous.cLog,1262
Talend Data Fabric.Miscellaneous.cStop,1263
Talend Data Fabric.Natural Language Processing,
Talend Data Fabric.Natural Language Processing.tCompareColumns,1265
Talend Data Fabric.Natural Language Processing.tNLPModel,1266
Talend Data Fabric.Natural Language Processing.tNLPPredict,1267
Talend Data Fabric.Natural Language Processing.tNLPPreprocessing,1268
Talend Data Fabric.Orchestration,
Talend Data Fabric.Orchestration.cDelayer,1270
Talend Data Fabric.Orchestration.cLoop,1271
Talend Data Fabric.Orchestration.cTimer,1272
Talend Data Fabric.Orchestration.tCollector,1273
Talend Data Fabric.Orchestration.tDepartitioner,1274
Talend Data Fabric.Orchestration.tFileList,1275
Talend Data Fabric.Orchestration.tFlowToIterate,1276
Talend Data Fabric.Orchestration.tForeach,1277
Talend Data Fabric.Orchestration.tInfiniteLoop,1278
Talend Data Fabric.Orchestration.tIterateToFlow,1279
Talend Data Fabric.Orchestration.tLoop,1280
Talend Data Fabric.Orchestration.tParallelize,1281
Talend Data Fabric.Orchestration.tPartitioner,1282
Talend Data Fabric.Orchestration.tPostjob,1283
Talend Data Fabric.Orchestration.tPrejob,1284
Talend Data Fabric.Orchestration.tRecollector,1285
Talend Data Fabric.Orchestration.tReplicate,1286
Talend Data Fabric.Orchestration.tRunJob,1287
Talend Data Fabric.Orchestration.tSleep,1288
Talend Data Fabric.Orchestration.tUnite,1289
Talend Data Fabric.Orchestration.tWaitForFile,1290
Talend Data Fabric.Orchestration.tWaitForSocket,1291
Talend Data Fabric.Orchestration.tWaitForSqlData,1292
Talend Data Fabric.Processing,
Talend Data Fabric.Processing.tAggregateRow,1294
Talend Data Fabric.Processing.tAggregateSortedRow,1295
Talend Data Fabric.Processing.tBRMS,1296
Talend Data Fabric.Processing.tCacheIn,1297
Talend Data Fabric.Processing.tCacheOut,1298
Talend Data Fabric.Processing.tConvertType,1299
Talend Data Fabric.Processing.tDenormalize,1300
Talend Data Fabric.Processing.tDenormalizeSortedRow,1301
Talend Data Fabric.Processing.tExternalSortRow,1302
Talend Data Fabric.Processing.tExtractDelimitedFields,1303
Talend Data Fabric.Processing.tExtractDynamicFields,1304
Talend Data Fabric.Processing.tExtractEDIField,1305
Talend Data Fabric.Processing.tExtractJSONFields,1306
Talend Data Fabric.Processing.tExtractPositionalFields,1307
Talend Data Fabric.Processing.tExtractRegexFields,1308
Talend Data Fabric.Processing.tExtractXMLField,1309
Talend Data Fabric.Processing.tFilterColumns,1310
Talend Data Fabric.Processing.tFilterRow,1311
Talend Data Fabric.Processing.tHConvertFile,1312
Talend Data Fabric.Processing.tHMap,1313
Talend Data Fabric.Processing.tHMapFile,1314
Talend Data Fabric.Processing.tHMapInput,1315
Talend Data Fabric.Processing.MapR,
Talend Data Fabric.Processing.MapR.tHMapRecord,1316
Talend Data Fabric.Processing.tJoin,1317
Talend Data Fabric.Processing.tMap,1318
Talend Data Fabric.Processing.tNormalize,1319
Talend Data Fabric.Processing.tPartition,1320
Talend Data Fabric.Processing.tReplace,1321
Talend Data Fabric.Processing.tReplicate,1322
Talend Data Fabric.Processing.tRules,1323
Talend Data Fabric.Processing.tSample,1324
Talend Data Fabric.Processing.tSampleRow,1325
Talend Data Fabric.Processing.tSortRow,1326
Talend Data Fabric.Processing.tSplitRow,1327
Talend Data Fabric.Processing.tSqlRow,1328
Talend Data Fabric.Processing.tSurviveFields,1329
Talend Data Fabric.Processing.tTop,1330
Talend Data Fabric.Processing.tTopBy,1331
Talend Data Fabric.Processing.tUniqRow,1332
Talend Data Fabric.Processing.tWindow,1333
Talend Data Fabric.Processing.tWriteAvroFields,1334
Talend Data Fabric.Processing.tWriteDelimitedFields,1335
Talend Data Fabric.Processing.tWriteDynamicFields,1336
Talend Data Fabric.Processing.tWriteJSONField,1337
Talend Data Fabric.Processing.tWritePositionalFields,1338
Talend Data Fabric.Processing.tWriteXMLFields,1339
Talend Data Fabric.Processing.tXMLMap,1340
Talend Data Fabric.Routing,
Talend Data Fabric.Routing.cAggregate,1342
Talend Data Fabric.Routing.cDynamicRouter,1343
Talend Data Fabric.Routing.cIdempotentConsumer,1344
Talend Data Fabric.Routing.cLoadBalancer,1345
Talend Data Fabric.Routing.cMessageFilter,1346
Talend Data Fabric.Routing.cMessageRouter,1347
Talend Data Fabric.Routing.cMulticast,1348
Talend Data Fabric.Routing.cPipesAndFilters,1349
Talend Data Fabric.Routing.cRecipientList,1350
Talend Data Fabric.Routing.cRoutingSlip,1351
Talend Data Fabric.Routing.cSplitter,1352
Talend Data Fabric.Routing.cThrottler,1353
Talend Data Fabric.Routing.cWireTap,1354
Talend Data Fabric.Storage,
Talend Data Fabric.Storage.Azure,
Talend Data Fabric.Storage.Azure.tAzureFSConfiguration,1356
Talend Data Fabric.Storage.tBigQueryConfiguration,1357
Talend Data Fabric.Storage.Cassandra,
Talend Data Fabric.Storage.Cassandra.tCassandraConfiguration,1358
Talend Data Fabric.Storage.DynamoDB,
Talend Data Fabric.Storage.DynamoDB.tDynamoDBConfiguration,1359
Talend Data Fabric.Storage.Google,
Talend Data Fabric.Storage.Google.tGoogleCloudConfiguration,1360
Talend Data Fabric.Storage.tGSConfiguration,1361
Talend Data Fabric.Storage.HBase,
Talend Data Fabric.Storage.HBase.tHBaseConfiguration,1362
Talend Data Fabric.Storage.HDFS,
Talend Data Fabric.Storage.HDFS.tHDFSConfiguration,1363
Talend Data Fabric.Storage.Hive,
Talend Data Fabric.Storage.Hive.tHiveConfiguration,1364
Talend Data Fabric.Storage.JDBC,
Talend Data Fabric.Storage.JDBC.tJDBCConfiguration,1365
Talend Data Fabric.Storage.Kudu,
Talend Data Fabric.Storage.Kudu.tKuduConfiguration,1366
Talend Data Fabric.Storage.MapR,
Talend Data Fabric.Storage.MapR.tMapRDBConfiguration,1367
Talend Data Fabric.Storage.Mysql,
Talend Data Fabric.Storage.Mysql.tMysqlConfiguration,1368
Talend Data Fabric.Storage.Oracle,
Talend Data Fabric.Storage.Oracle.tOracleConfiguration,1369
Talend Data Fabric.Storage.Redshift,
Talend Data Fabric.Storage.Redshift.tRedshiftConfiguration,1370
Talend Data Fabric.Storage.S3,
Talend Data Fabric.Storage.S3.tS3Configuration,1371
Talend Data Fabric.Storage.tTachyonConfiguration,1372
Talend Data Fabric.Storage.Teradata,
Talend Data Fabric.Storage.Teradata.tTeradataConfiguration,1373
Talend Data Fabric.Storm,
Talend Data Fabric.Storm.JDBC,
Talend Data Fabric.Storm.JDBC.tJDBCOutput,1375
Talend Data Fabric.System,
Talend Data Fabric.System.tRunJob,1377
Talend Data Fabric.System.tSetEnv,1378
Talend Data Fabric.System.tSSH,1379
Talend Data Fabric.System.tSystem,1380
Talend Data Fabric.Talend,
Talend Data Fabric.Talend.cTalendJob,1382
Talend Data Fabric.Talend Cloud,
Talend Data Fabric.Talend Cloud.tJobFailure,1384
Talend Data Fabric.Talend Cloud.tJobLog,1385
Talend Data Fabric.Talend Cloud.tJobReject,1386
Talend Data Fabric.Talend Data Preparation,
Talend Data Fabric.Talend Data Preparation.tDataprepRun,1388
Talend Data Fabric.Talend Data Preparation.tDatasetInput,1389
Talend Data Fabric.Talend Data Preparation.tDatasetOutput,1390
Talend Data Fabric.Talend Data Stewardship,
Talend Data Fabric.Talend Data Stewardship.tDataStewardshipTaskDelete,1392
Talend Data Fabric.Talend Data Stewardship.tDataStewardshipTaskInput,1393
Talend Data Fabric.Talend Data Stewardship.tDataStewardshipTaskOutput,1394
Talend Data Fabric.Talend MDM,
Talend Data Fabric.Talend MDM.tMDMBulkLoad,1396
Talend Data Fabric.Talend MDM.tMDMClose,1397
Talend Data Fabric.Talend MDM.tMDMCommit,1398
Talend Data Fabric.Talend MDM.tMDMConnection,1399
Talend Data Fabric.Talend MDM.tMDMDelete,1400
Talend Data Fabric.Talend MDM.tMDMInput,1401
Talend Data Fabric.Talend MDM.tMDMOutput,1402
Talend Data Fabric.Talend MDM.tMDMReceive,1403
Talend Data Fabric.Talend MDM.tMDMRestInput,1404
Talend Data Fabric.Talend MDM.tMDMRollback,1405
Talend Data Fabric.Talend MDM.tMDMRouteRecord,1406
Talend Data Fabric.Talend MDM.tMDMSP,1407
Talend Data Fabric.Talend MDM.tMDMTriggerInput,1408
Talend Data Fabric.Talend MDM.tMDMTriggerOutput,1409
Talend Data Fabric.Talend MDM.tMDMViewSearch,1410
Talend Data Fabric.Talend MDM.tSurviveFields,1411
Talend Data Fabric.Technical,
Talend Data Fabric.Technical.tBoundedStreamInput,1413
Talend Data Fabric.Technical.tCollectAndCheck,1414
Talend Data Fabric.Technical.tDeltaLakeInput,1415
Talend Data Fabric.Technical.tDeltaLakeOutput,1416
Talend Data Fabric.Technical.tHashInput,1417
Talend Data Fabric.Technical.tHashOutput,1418
Talend Data Fabric.Testing,
Talend Data Fabric.Testing.cDataset,1420
Talend Data Fabric.Testing.cMock,1421
Talend Data Fabric.Transformation,
Talend Data Fabric.Transformation.cContentEnricher,1423
Talend Data Fabric.Transformation.cConvertBodyTo,1424
Talend Data Fabric.Transformation.cFlatPack,1425
Talend Data Fabric.Transformation.cMap,1426
Talend Data Fabric.Webservice,
Talend Data Fabric.Webservice.tRestWebServiceLookupInput,1428
Talend Data Fabric.Webservice.tRestWebServiceOutput,1429
Talend Data Fabric.XML,
Talend Data Fabric.XML.FileOutput,
Talend Data Fabric.XML.FileOutput.tAdvancedFileOutputXML,1431
Talend Data Fabric.XML.tDTDValidator,1432
Talend Data Fabric.XML.tEDIFACTtoXML,1433
Talend Data Fabric.XML.tExtractXMLField,1434
Talend Data Fabric.XML.FileInput,
Talend Data Fabric.XML.FileInput.tFileInputMSXML,1435
Talend Data Fabric.XML.FileInput.tFileInputXML,1436
Talend Data Fabric.XML.FileOutput.tFileOutputXML,1437
Talend Data Fabric.XML.tWriteXMLField,1438
Talend Data Fabric.XML.tXMLMap,1439
Talend Data Fabric.XML.tXSDValidator,1440
Talend Data Fabric.XML.tXSLT,1441
